[Licensing::Module] Trying to connect to existing licensing client channel...
Built from '6000.2/respin/6000.2.7f1-2eb0c79396db' branch; Version is '6000.2.7f2 (2b518236b676) revision 2838914'; Using compiler version '194234433'; Build Type 'Release'
[Licensing::IpcConnector] Successfully connected to: "LicenseClient-Phillip" at "2025-12-28T18:55:52.6279477Z"
OS: 'Windows 11  (10.0.26200) 64bit Professional' Language: 'en' Physical Memory: 32679 MB
BatchMode: 1, IsHumanControllingUs: 0, StartBugReporterOnCrash: 0, Is64bit: 1
Date: 2025-12-28T18:55:52Z

COMMAND LINE ARGUMENTS:
C:\Program Files\Unity\Hub\Editor\6000.2.7f2\Editor\Unity.exe
-adb2
-batchMode
-noUpm
-name
AssetImportWorker4
-projectPath
C:/Users/RX660/Desktop/Winter Game Jam 2025
-logFile
Logs/AssetImportWorker4.log
-srvPort
63817
-licensingIpc
LicenseClient-Phillip
-job-worker-count
5
-background-job-worker-count
8
-gc-helper-count
1
-name
AssetImport
Successfully changed project path to: C:/Users/RX660/Desktop/Winter Game Jam 2025
C:/Users/RX660/Desktop/Winter Game Jam 2025
[UnityMemory] Configuration Parameters - Can be set up in boot.config
    "memorysetup-allocator-temp-initial-block-size-main=262144"
    "memorysetup-allocator-temp-initial-block-size-worker=262144"
    "memorysetup-bucket-allocator-granularity=16"
    "memorysetup-bucket-allocator-bucket-count=8"
    "memorysetup-bucket-allocator-block-size=33554432"
    "memorysetup-bucket-allocator-block-count=8"
    "memorysetup-main-allocator-block-size=16777216"
    "memorysetup-thread-allocator-block-size=16777216"
    "memorysetup-gfx-main-allocator-block-size=16777216"
    "memorysetup-gfx-thread-allocator-block-size=16777216"
    "memorysetup-cache-allocator-block-size=4194304"
    "memorysetup-typetree-allocator-block-size=2097152"
    "memorysetup-profiler-bucket-allocator-granularity=16"
    "memorysetup-profiler-bucket-allocator-bucket-count=8"
    "memorysetup-profiler-bucket-allocator-block-size=33554432"
    "memorysetup-profiler-bucket-allocator-block-count=8"
    "memorysetup-profiler-allocator-block-size=16777216"
    "memorysetup-profiler-editor-allocator-block-size=1048576"
    "memorysetup-temp-allocator-size-main=16777216"
    "memorysetup-job-temp-allocator-block-size=2097152"
    "memorysetup-job-temp-allocator-block-size-background=1048576"
    "memorysetup-job-temp-allocator-reduction-small-platforms=262144"
    "memorysetup-temp-allocator-size-background-worker=32768"
    "memorysetup-temp-allocator-size-job-worker=262144"
    "memorysetup-temp-allocator-size-preload-manager=33554432"
    "memorysetup-temp-allocator-size-nav-mesh-worker=65536"
    "memorysetup-temp-allocator-size-audio-worker=65536"
    "memorysetup-temp-allocator-size-cloud-worker=32768"
    "memorysetup-temp-allocator-size-gi-baking-worker=262144"
    "memorysetup-temp-allocator-size-gi-baking-worker=262144"
    "memorysetup-temp-allocator-size-gi-baking-worker=262144"
    "memorysetup-temp-allocator-size-gi-baking-worker=262144"
    "memorysetup-temp-allocator-size-gi-baking-worker=262144"
    "memorysetup-temp-allocator-size-gfx=262144"
Player connection [29728]  Target information:

Player connection [29728]  * "[IP] 192.168.2.69 [Port] 0 [Flags] 2 [Guid] 2727227142 [EditorId] 2727227142 [Version] 1048832 [Id] WindowsEditor(7,DESKTOP-3E86C9U) [Debug] 1 [PackageName] WindowsEditor [ProjectName] Editor" 

Player connection [29728] Host joined multi-casting on [225.0.0.222:54997]...
Player connection [29728] Host joined alternative multi-casting on [225.0.0.222:34997]...
JobSystem: Creating JobQueue using job-worker-count value 5
Input System module state changed to: Initialized.
[Physics::Module] Initialized fallback backend.
[Physics::Module] Id: 0xdecafbad
[Licensing::Client] Code 10 while verifying Licensing Client signature (process Id: 16732, path: "F:/Programs/Unity Hub/UnityLicensingClient_V1/Unity.Licensing.Client.exe")
[Licensing::Module] LicensingClient has failed validation; ignoring
[Licensing::Client] Handshaking with LicensingClient:
  Version:                 1.17.3+a4e98f1
  Session Id:              f04be9c6900b4917b2e5a16ccbadc6c1
  Correlation Id:          bbd6529644434bdb24c916452f438c72
  External correlation Id: 8749843182534470620
  Machine Id:              4xBRVfEaEdCD/i/7exWMopZQeww=
[Licensing::Module] Successfully connected to LicensingClient on channel: "LicenseClient-Phillip" (connect: 0.00s, validation: 0.00s, handshake: 0.04s)
[Licensing::IpcConnector] Successfully connected to: "LicenseClient-Phillip-notifications" at "2025-12-28T18:55:52.6678998Z"
[Licensing::Module] Licensing Background thread has ended after 0.04s
Library Redirect Path: Library/
[Physics::Module] Selected backend.
[Physics::Module] Name: PhysX
[Physics::Module] Id: 0xf2b8ea05
[Physics::Module] SDK Version: 4.1.2
[Physics::Module] Integration Version: 1.0.0
[Physics::Module] Threading Mode: Multi-Threaded
Refreshing native plugins compatible for Editor in 3.12 ms, found 3 plugins.
Preloading 0 native plugins for Editor in 0.00 ms.
Initialize engine version: 6000.2.7f2 (2b518236b676)
[Subsystems] Discovering subsystems at path C:/Program Files/Unity/Hub/Editor/6000.2.7f2/Editor/Data/Resources/UnitySubsystems
[Subsystems] Discovering subsystems at path C:/Users/RX660/Desktop/Winter Game Jam 2025/Assets
GfxDevice: creating device client; kGfxThreadingModeNonThreaded
Direct3D:
    Version:  Direct3D 11.0 [level 11.1]
    Renderer: AMD Radeon RX 6600 XT (ID=0x73ff)
    Vendor:   ATI
    VRAM:     8147 MB
    Driver:   32.0.21030.2001
Initialize mono
Mono path[0] = 'C:/Program Files/Unity/Hub/Editor/6000.2.7f2/Editor/Data/Managed'
Mono path[1] = 'C:/Program Files/Unity/Hub/Editor/6000.2.7f2/Editor/Data/MonoBleedingEdge/lib/mono/unityjit-win32'
Mono config path = 'C:/Program Files/Unity/Hub/Editor/6000.2.7f2/Editor/Data/MonoBleedingEdge/etc'
Using monoOptions --debugger-agent=transport=dt_socket,embedding=1,server=y,suspend=n,address=127.0.0.1:56728
Begin MonoManager ReloadAssembly
Registering precompiled unity dll's ...
Register platform support module: C:/Program Files/Unity/Hub/Editor/6000.2.7f2/Editor/Data/PlaybackEngines/WindowsStandaloneSupport/UnityEditor.WindowsStandalone.Extensions.dll
[Licensing::Client] Successfully resolved entitlement details
[Licensing::Module] License group:
  Id: F4-UXBJ-HKKJ-KHXC-GWNW-XXXX
  Product: Unity Personal
  Type: ULF
  Expiration: Unlimited
[Licensing::Module] License group:
  Id: 6483514-UnityPersXXXX
  Product: Unity Personal
  Type: Assigned
  Expiration: Unlimited
Register platform support module: C:/Program Files/Unity/Hub/Editor/6000.2.7f2/Editor/Data/PlaybackEngines/AndroidPlayer/UnityEditor.Android.Extensions.dll
Registered in 0.006344 seconds.
- Loaded All Assemblies, in  0.415 seconds
Native extension for Android target not found
Android Extension - Scanning For ADB Devices 287 ms
Native extension for WindowsStandalone target not found
Mono: successfully reloaded assembly
- Finished resetting the current domain, in  0.767 seconds
Domain Reload Profiling: 1178ms
	BeginReloadAssembly (133ms)
		ExecutionOrderSort (0ms)
		DisableScriptedObjects (0ms)
		BackupInstance (0ms)
		ReleaseScriptingObjects (0ms)
		CreateAndSetChildDomain (1ms)
	RebuildCommonClasses (35ms)
	RebuildNativeTypeToScriptingClass (13ms)
	initialDomainReloadingComplete (57ms)
	LoadAllAssembliesAndSetupDomain (173ms)
		LoadAssemblies (130ms)
		RebuildTransferFunctionScriptingTraits (0ms)
		AnalyzeDomain (168ms)
			TypeCache.Refresh (165ms)
				TypeCache.ScanAssembly (150ms)
			BuildScriptInfoCaches (0ms)
			ResolveRequiredComponents (1ms)
	FinalizeReload (768ms)
		ReleaseScriptCaches (0ms)
		RebuildScriptCaches (0ms)
		SetupLoadedEditorAssemblies (711ms)
			LogAssemblyErrors (0ms)
			InitializePlatformSupportModulesInManaged (409ms)
			SetLoadedEditorAssemblies (6ms)
			BeforeProcessingInitializeOnLoad (82ms)
			ProcessInitializeOnLoadAttributes (133ms)
			ProcessInitializeOnLoadMethodAttributes (81ms)
			AfterProcessingInitializeOnLoad (0ms)
			EditorAssembliesLoaded (0ms)
		ExecutionOrderSort2 (0ms)
		AwakeInstancesAfterBackupRestoration (0ms)
========================================================================
Worker process is ready to serve import requests
Import Worker Mode flag is 0x00
Begin MonoManager ReloadAssembly
[Licensing::Client] Successfully resolved entitlement details
[Licensing::Module] License group:
  Id: F4-UXBJ-HKKJ-KHXC-GWNW-XXXX
  Product: Unity Personal
  Type: ULF
  Expiration: Unlimited
[Licensing::Module] License group:
  Id: 6483514-UnityPersXXXX
  Product: Unity Personal
  Type: Assigned
  Expiration: Unlimited
- Loaded All Assemblies, in  0.880 seconds
Refreshing native plugins compatible for Editor in 1.27 ms, found 3 plugins.
Native extension for Android target not found
Native extension for WindowsStandalone target not found
Package Manager log level set to [2]
[Package Manager] Failed to launch server process. Reason: Unity was launched with the -noUpm command-line argument
[Package Manager] Unable to send message (not connected to server process).
[Package Manager] Cannot connect to Unity Package Manager local server
Mono: successfully reloaded assembly
- Finished resetting the current domain, in  0.718 seconds
Domain Reload Profiling: 1592ms
	BeginReloadAssembly (210ms)
		ExecutionOrderSort (0ms)
		DisableScriptedObjects (8ms)
		BackupInstance (0ms)
		ReleaseScriptingObjects (0ms)
		CreateAndSetChildDomain (40ms)
	RebuildCommonClasses (38ms)
	RebuildNativeTypeToScriptingClass (13ms)
	initialDomainReloadingComplete (45ms)
	LoadAllAssembliesAndSetupDomain (566ms)
		LoadAssemblies (411ms)
		RebuildTransferFunctionScriptingTraits (0ms)
		AnalyzeDomain (271ms)
			TypeCache.Refresh (203ms)
				TypeCache.ScanAssembly (184ms)
			BuildScriptInfoCaches (50ms)
			ResolveRequiredComponents (12ms)
	FinalizeReload (719ms)
		ReleaseScriptCaches (0ms)
		RebuildScriptCaches (0ms)
		SetupLoadedEditorAssemblies (532ms)
			LogAssemblyErrors (0ms)
			InitializePlatformSupportModulesInManaged (8ms)
			SetLoadedEditorAssemblies (4ms)
			BeforeProcessingInitializeOnLoad (115ms)
			ProcessInitializeOnLoadAttributes (346ms)
			ProcessInitializeOnLoadMethodAttributes (50ms)
			AfterProcessingInitializeOnLoad (8ms)
			EditorAssembliesLoaded (0ms)
		ExecutionOrderSort2 (0ms)
		AwakeInstancesAfterBackupRestoration (7ms)
Launched and connected shader compiler UnityShaderCompiler.exe after 0.01 seconds
Refreshing native plugins compatible for Editor in 1.27 ms, found 3 plugins.
Preloading 0 native plugins for Editor in 0.00 ms.
Unloading 13 Unused Serialized files (Serialized files now loaded: 0)
Unloading 6159 unused Assets / (4.2 MB). Loaded Objects now: 6855.
Memory consumption went from 130.1 MB to 125.9 MB.
Total: 7.400600 ms (FindLiveObjects: 0.723800 ms CreateObjectMapping: 0.743800 ms MarkObjects: 4.088400 ms  DeleteObjects: 1.843800 ms)

========================================================================
Received Prepare
Refreshing native plugins compatible for Editor in 1.55 ms, found 3 plugins.
Preloading 0 native plugins for Editor in 0.00 ms.
Unloading 13 Unused Serialized files (Serialized files now loaded: 0)
Unloading 6149 unused Assets / (4.1 MB). Loaded Objects now: 6856.
Memory consumption went from 128.2 MB to 124.1 MB.
Total: 8.680000 ms (FindLiveObjects: 0.665300 ms CreateObjectMapping: 0.470900 ms MarkObjects: 5.380400 ms  DeleteObjects: 2.162700 ms)

Prepare: number of updated asset objects reloaded= 0
========================================================================
Received Import Request.
  Time since last request: 135207.658295 seconds.
  path: Assets/Script/Portal.cs
  artifactKey: Guid(c59d7ce7a7ebb46488899b85d1276c67) Importer(815301076,1909f56bfc062723c751e8b465ee728b)
Start importing Assets/Script/Portal.cs using Guid(c59d7ce7a7ebb46488899b85d1276c67) Importer(815301076,1909f56bfc062723c751e8b465ee728b) (PreviewImporter) -> (artifact id: '13909a424360126fffa078669bb78887') in 0.0074581 seconds
Number of updated asset objects reloaded before import = 0Number of asset objects unloaded after import = 0

========================================================================
Received Import Request.
  Time since last request: 0.304953 seconds.
  path: Assets/Script/Portal.cs
  artifactKey: Guid(c59d7ce7a7ebb46488899b85d1276c67) Importer(2089858483,192608db42251d675da83286b1cce702)
Start importing Assets/Script/Portal.cs using Guid(c59d7ce7a7ebb46488899b85d1276c67) Importer(2089858483,192608db42251d675da83286b1cce702) (ScriptedImporter) -> (artifact id: '41fbb5371e114f86a2e8fef8bd5c6f63') in 0.2113946 seconds
Number of updated asset objects reloaded before import = 0Number of asset objects unloaded after import = 0

========================================================================
Received Prepare
Begin MonoManager ReloadAssembly
- Loaded All Assemblies, in  0.910 seconds
Refreshing native plugins compatible for Editor in 2.30 ms, found 3 plugins.
Native extension for Android target not found
Native extension for WindowsStandalone target not found
[Package Manager] Failed to launch server process. Reason: Unity was launched with the -noUpm command-line argument
[Package Manager] Unable to send message (not connected to server process).
[Package Manager] Cannot connect to Unity Package Manager local server
Mono: successfully reloaded assembly
- Finished resetting the current domain, in  0.823 seconds
Domain Reload Profiling: 1728ms
	BeginReloadAssembly (275ms)
		ExecutionOrderSort (0ms)
		DisableScriptedObjects (6ms)
		BackupInstance (0ms)
		ReleaseScriptingObjects (0ms)
		CreateAndSetChildDomain (77ms)
	RebuildCommonClasses (46ms)
	RebuildNativeTypeToScriptingClass (13ms)
	initialDomainReloadingComplete (31ms)
	LoadAllAssembliesAndSetupDomain (539ms)
		LoadAssemblies (466ms)
		RebuildTransferFunctionScriptingTraits (0ms)
		AnalyzeDomain (202ms)
			TypeCache.Refresh (11ms)
				TypeCache.ScanAssembly (1ms)
			BuildScriptInfoCaches (174ms)
			ResolveRequiredComponents (12ms)
	FinalizeReload (824ms)
		ReleaseScriptCaches (0ms)
		RebuildScriptCaches (0ms)
		SetupLoadedEditorAssemblies (601ms)
			LogAssemblyErrors (0ms)
			InitializePlatformSupportModulesInManaged (11ms)
			SetLoadedEditorAssemblies (4ms)
			BeforeProcessingInitializeOnLoad (165ms)
			ProcessInitializeOnLoadAttributes (359ms)
			ProcessInitializeOnLoadMethodAttributes (53ms)
			AfterProcessingInitializeOnLoad (9ms)
			EditorAssembliesLoaded (0ms)
		ExecutionOrderSort2 (0ms)
		AwakeInstancesAfterBackupRestoration (19ms)
Refreshing native plugins compatible for Editor in 1.59 ms, found 3 plugins.
Preloading 0 native plugins for Editor in 0.00 ms.
Unloading 13 Unused Serialized files (Serialized files now loaded: 0)
Unloading 6156 unused Assets / (3.9 MB). Loaded Objects now: 6874.
Memory consumption went from 134.9 MB to 131.0 MB.
Total: 10.326600 ms (FindLiveObjects: 0.979000 ms CreateObjectMapping: 0.898600 ms MarkObjects: 6.277400 ms  DeleteObjects: 2.170500 ms)

Prepare: number of updated asset objects reloaded= 0
========================================================================
Received Prepare
Refreshing native plugins compatible for Editor in 1.83 ms, found 3 plugins.
Preloading 0 native plugins for Editor in 0.00 ms.
Unloading 13 Unused Serialized files (Serialized files now loaded: 0)
Unloading 6149 unused Assets / (4.2 MB). Loaded Objects now: 6874.
Memory consumption went from 135.1 MB to 130.8 MB.
Total: 10.899200 ms (FindLiveObjects: 0.919300 ms CreateObjectMapping: 1.164500 ms MarkObjects: 6.155400 ms  DeleteObjects: 2.658900 ms)

Prepare: number of updated asset objects reloaded= 0
========================================================================
Received Import Request.
  Time since last request: 14.880760 seconds.
  path: Assets/Script/Portal.cs
  artifactKey: Guid(c59d7ce7a7ebb46488899b85d1276c67) Importer(815301076,1909f56bfc062723c751e8b465ee728b)
Start importing Assets/Script/Portal.cs using Guid(c59d7ce7a7ebb46488899b85d1276c67) Importer(815301076,1909f56bfc062723c751e8b465ee728b) (PreviewImporter) -> (artifact id: '22f1dd355667eaffee3c4a8bb8357bbf') in 0.0024048 seconds
Number of updated asset objects reloaded before import = 0Number of asset objects unloaded after import = 0

========================================================================
Received Import Request.
  Time since last request: 14.864309 seconds.
  path: Assets/Script/Portal.cs
  artifactKey: Guid(c59d7ce7a7ebb46488899b85d1276c67) Importer(2089858483,192608db42251d675da83286b1cce702)
Start importing Assets/Script/Portal.cs using Guid(c59d7ce7a7ebb46488899b85d1276c67) Importer(2089858483,192608db42251d675da83286b1cce702) (ScriptedImporter) -> (artifact id: 'a6e09b2385ae37d078d537a7056ef62e') in 0.1388291 seconds
Number of updated asset objects reloaded before import = 0Number of asset objects unloaded after import = 0

========================================================================
Received Prepare
Refreshing native plugins compatible for Editor in 1.35 ms, found 3 plugins.
Preloading 0 native plugins for Editor in 0.00 ms.
Unloading 13 Unused Serialized files (Serialized files now loaded: 0)
Unloading 6150 unused Assets / (4.4 MB). Loaded Objects now: 6875.
Memory consumption went from 135.1 MB to 130.7 MB.
Total: 9.499500 ms (FindLiveObjects: 0.804900 ms CreateObjectMapping: 0.437800 ms MarkObjects: 4.105400 ms  DeleteObjects: 4.150800 ms)

Prepare: number of updated asset objects reloaded= 0
========================================================================
Received Import Request.
  Time since last request: 4.627263 seconds.
  path: Assets/Script/Teleportable.cs
  artifactKey: Guid(d7c8cde619077c040a232b01772720ff) Importer(815301076,1909f56bfc062723c751e8b465ee728b)
Start importing Assets/Script/Teleportable.cs using Guid(d7c8cde619077c040a232b01772720ff) Importer(815301076,1909f56bfc062723c751e8b465ee728b) (PreviewImporter) -> (artifact id: '91a0f7b7f4feda702e3a2cbc61dab87d') in 0.0009069 seconds
Number of updated asset objects reloaded before import = 0Number of asset objects unloaded after import = 0

========================================================================
Received Import Request.
  Time since last request: 0.269442 seconds.
  path: Assets/Script/Teleportable.cs
  artifactKey: Guid(d7c8cde619077c040a232b01772720ff) Importer(2089858483,192608db42251d675da83286b1cce702)
Start importing Assets/Script/Teleportable.cs using Guid(d7c8cde619077c040a232b01772720ff) Importer(2089858483,192608db42251d675da83286b1cce702) (ScriptedImporter) -> (artifact id: '3d5f9ea6981702ec02cf288c12b5489f') in 0.0212385 seconds
Number of updated asset objects reloaded before import = 0Number of asset objects unloaded after import = 0

========================================================================
Received Prepare
Refreshing native plugins compatible for Editor in 1.77 ms, found 3 plugins.
Preloading 0 native plugins for Editor in 0.00 ms.
Unloading 13 Unused Serialized files (Serialized files now loaded: 0)
Unloading 6150 unused Assets / (3.8 MB). Loaded Objects now: 6875.
Memory consumption went from 135.1 MB to 131.3 MB.
Total: 10.017200 ms (FindLiveObjects: 0.647400 ms CreateObjectMapping: 0.908600 ms MarkObjects: 5.943600 ms  DeleteObjects: 2.516300 ms)

Prepare: number of updated asset objects reloaded= 0
========================================================================
Received Import Request.
  Time since last request: 15.285785 seconds.
  path: Assets/Script/Teleportable.cs
  artifactKey: Guid(d7c8cde619077c040a232b01772720ff) Importer(815301076,1909f56bfc062723c751e8b465ee728b)
Start importing Assets/Script/Teleportable.cs using Guid(d7c8cde619077c040a232b01772720ff) Importer(815301076,1909f56bfc062723c751e8b465ee728b) (PreviewImporter) -> (artifact id: 'a20c38cc08e80a3e0e2aadd4e9a48a4e') in 0.0008639 seconds
Number of updated asset objects reloaded before import = 0Number of asset objects unloaded after import = 0

========================================================================
Received Import Request.
  Time since last request: 0.975599 seconds.
  path: Assets/Script/Teleportable.cs
  artifactKey: Guid(d7c8cde619077c040a232b01772720ff) Importer(2089858483,192608db42251d675da83286b1cce702)
Start importing Assets/Script/Teleportable.cs using Guid(d7c8cde619077c040a232b01772720ff) Importer(2089858483,192608db42251d675da83286b1cce702) (ScriptedImporter) -> (artifact id: '0d2195742f4bd790e4835a51f4c6edfc') in 0.0501529 seconds
Number of updated asset objects reloaded before import = 0Number of asset objects unloaded after import = 0

========================================================================
Received Prepare
Refreshing native plugins compatible for Editor in 2.73 ms, found 3 plugins.
Preloading 0 native plugins for Editor in 0.00 ms.
Unloading 13 Unused Serialized files (Serialized files now loaded: 0)
Unloading 6151 unused Assets / (3.6 MB). Loaded Objects now: 6876.
Memory consumption went from 135.1 MB to 131.5 MB.
Total: 14.032700 ms (FindLiveObjects: 1.079600 ms CreateObjectMapping: 0.377400 ms MarkObjects: 8.780400 ms  DeleteObjects: 3.794200 ms)

Prepare: number of updated asset objects reloaded= 0
========================================================================
Received Import Request.
  Time since last request: 14.830614 seconds.
  path: Assets/Script/TeleportService.cs
  artifactKey: Guid(5c0b38aafc32c9e4b80d5ec89622d3ea) Importer(815301076,1909f56bfc062723c751e8b465ee728b)
Start importing Assets/Script/TeleportService.cs using Guid(5c0b38aafc32c9e4b80d5ec89622d3ea) Importer(815301076,1909f56bfc062723c751e8b465ee728b) (PreviewImporter) -> (artifact id: '10a62b89d299db2ea52a6b4647968100') in 0.0007551 seconds
Number of updated asset objects reloaded before import = 0Number of asset objects unloaded after import = 0

========================================================================
Received Import Request.
  Time since last request: 0.622455 seconds.
  path: Assets/Script/TeleportService.cs
  artifactKey: Guid(5c0b38aafc32c9e4b80d5ec89622d3ea) Importer(2089858483,192608db42251d675da83286b1cce702)
Start importing Assets/Script/TeleportService.cs using Guid(5c0b38aafc32c9e4b80d5ec89622d3ea) Importer(2089858483,192608db42251d675da83286b1cce702) (ScriptedImporter) -> (artifact id: '7fe365da8617190984f160af4784d346') in 0.0214101 seconds
Number of updated asset objects reloaded before import = 0Number of asset objects unloaded after import = 0

========================================================================
Received Prepare
Refreshing native plugins compatible for Editor in 1.84 ms, found 3 plugins.
Preloading 0 native plugins for Editor in 0.00 ms.
Unloading 13 Unused Serialized files (Serialized files now loaded: 0)
Unloading 6151 unused Assets / (4.1 MB). Loaded Objects now: 6876.
Memory consumption went from 135.1 MB to 131.0 MB.
Total: 12.776100 ms (FindLiveObjects: 1.173300 ms CreateObjectMapping: 0.824500 ms MarkObjects: 7.128500 ms  DeleteObjects: 3.648400 ms)

Prepare: number of updated asset objects reloaded= 0
========================================================================
Received Import Request.
  Time since last request: 5.639958 seconds.
  path: Assets/Script/TeleportService.cs
  artifactKey: Guid(5c0b38aafc32c9e4b80d5ec89622d3ea) Importer(815301076,1909f56bfc062723c751e8b465ee728b)
Start importing Assets/Script/TeleportService.cs using Guid(5c0b38aafc32c9e4b80d5ec89622d3ea) Importer(815301076,1909f56bfc062723c751e8b465ee728b) (PreviewImporter) -> (artifact id: '00000000000000000000000000000000') in 0.000988 seconds
Import Error Code:(4)
Message: Build asset version error: assets/script/teleportservice.cs in SourceAssetDB has modification time of '2025-12-28T18:57:10.7486098Z' while content on disk has modification time of '2025-12-28T18:57:11.3458438Z'
  ERROR: Build asset version error: assets/script/teleportservice.cs in SourceAssetDB has modification time of '2025-12-28T18:57:10.7486098Z' while content on disk has modification time of '2025-12-28T18:57:11.3458438Z'
Number of updated asset objects reloaded before import = 0Number of asset objects unloaded after import = 0

========================================================================
Received Import Request.
  Time since last request: 0.000023 seconds.
  path: Assets/Script/TeleportService.cs
  artifactKey: Guid(5c0b38aafc32c9e4b80d5ec89622d3ea) Importer(815301076,1909f56bfc062723c751e8b465ee728b)
Start importing Assets/Script/TeleportService.cs using Guid(5c0b38aafc32c9e4b80d5ec89622d3ea) Importer(815301076,1909f56bfc062723c751e8b465ee728b) (PreviewImporter) -> (artifact id: '8b9fc1e40c0e0f04fa4e0bc267ee1a51') in 0.0005887 seconds
Number of updated asset objects reloaded before import = 0Number of asset objects unloaded after import = 0

========================================================================
Received Import Request.
  Time since last request: 0.595580 seconds.
  path: Assets/Script/TeleportService.cs
  artifactKey: Guid(5c0b38aafc32c9e4b80d5ec89622d3ea) Importer(2089858483,192608db42251d675da83286b1cce702)
Start importing Assets/Script/TeleportService.cs using Guid(5c0b38aafc32c9e4b80d5ec89622d3ea) Importer(2089858483,192608db42251d675da83286b1cce702) (ScriptedImporter) -> (artifact id: 'bead47511bf9f96c2a4c1da6f54beed4') in 0.0151749 seconds
Number of updated asset objects reloaded before import = 0Number of asset objects unloaded after import = 0

========================================================================
Received Prepare
Begin MonoManager ReloadAssembly
[Licensing::Client] Successfully resolved entitlement details
[Licensing::Module] License group:
  Id: F4-UXBJ-HKKJ-KHXC-GWNW-XXXX
  Product: Unity Personal
  Type: ULF
  Expiration: Unlimited
[Licensing::Module] License group:
  Id: 6483514-UnityPersXXXX
  Product: Unity Personal
  Type: Assigned
  Expiration: Unlimited
- Loaded All Assemblies, in  0.752 seconds
Refreshing native plugins compatible for Editor in 1.37 ms, found 3 plugins.
Native extension for Android target not found
Native extension for WindowsStandalone target not found
[Package Manager] Failed to launch server process. Reason: Unity was launched with the -noUpm command-line argument
[Package Manager] Unable to send message (not connected to server process).
[Package Manager] Cannot connect to Unity Package Manager local server
Mono: successfully reloaded assembly
- Finished resetting the current domain, in  0.854 seconds
Domain Reload Profiling: 1604ms
	BeginReloadAssembly (227ms)
		ExecutionOrderSort (0ms)
		DisableScriptedObjects (7ms)
		BackupInstance (0ms)
		ReleaseScriptingObjects (0ms)
		CreateAndSetChildDomain (65ms)
	RebuildCommonClasses (45ms)
	RebuildNativeTypeToScriptingClass (16ms)
	initialDomainReloadingComplete (34ms)
	LoadAllAssembliesAndSetupDomain (427ms)
		LoadAssemblies (347ms)
		RebuildTransferFunctionScriptingTraits (0ms)
		AnalyzeDomain (172ms)
			TypeCache.Refresh (8ms)
				TypeCache.ScanAssembly (0ms)
			BuildScriptInfoCaches (149ms)
			ResolveRequiredComponents (10ms)
	FinalizeReload (855ms)
		ReleaseScriptCaches (0ms)
		RebuildScriptCaches (0ms)
		SetupLoadedEditorAssemblies (670ms)
			LogAssemblyErrors (0ms)
			InitializePlatformSupportModulesInManaged (11ms)
			SetLoadedEditorAssemblies (5ms)
			BeforeProcessingInitializeOnLoad (192ms)
			ProcessInitializeOnLoadAttributes (392ms)
			ProcessInitializeOnLoadMethodAttributes (61ms)
			AfterProcessingInitializeOnLoad (10ms)
			EditorAssembliesLoaded (0ms)
		ExecutionOrderSort2 (0ms)
		AwakeInstancesAfterBackupRestoration (19ms)
Refreshing native plugins compatible for Editor in 1.37 ms, found 3 plugins.
Preloading 0 native plugins for Editor in 0.00 ms.
Unloading 13 Unused Serialized files (Serialized files now loaded: 0)
Unloading 6158 unused Assets / (4.4 MB). Loaded Objects now: 6879.
Memory consumption went from 134.7 MB to 130.3 MB.
Total: 11.067300 ms (FindLiveObjects: 0.929500 ms CreateObjectMapping: 0.490500 ms MarkObjects: 6.000000 ms  DeleteObjects: 3.646100 ms)

Prepare: number of updated asset objects reloaded= 0
========================================================================
Received Prepare
Begin MonoManager ReloadAssembly
[Licensing::Client] Successfully resolved entitlement details
[Licensing::Module] License group:
  Id: F4-UXBJ-HKKJ-KHXC-GWNW-XXXX
  Product: Unity Personal
  Type: ULF
  Expiration: Unlimited
[Licensing::Module] License group:
  Id: 6483514-UnityPersXXXX
  Product: Unity Personal
  Type: Assigned
  Expiration: Unlimited
- Loaded All Assemblies, in  0.718 seconds
Refreshing native plugins compatible for Editor in 1.29 ms, found 3 plugins.
Native extension for Android target not found
Native extension for WindowsStandalone target not found
[Package Manager] Failed to launch server process. Reason: Unity was launched with the -noUpm command-line argument
[Package Manager] Unable to send message (not connected to server process).
[Package Manager] Cannot connect to Unity Package Manager local server
Mono: successfully reloaded assembly
- Finished resetting the current domain, in  0.625 seconds
Domain Reload Profiling: 1337ms
	BeginReloadAssembly (227ms)
		ExecutionOrderSort (0ms)
		DisableScriptedObjects (11ms)
		BackupInstance (0ms)
		ReleaseScriptingObjects (0ms)
		CreateAndSetChildDomain (57ms)
	RebuildCommonClasses (37ms)
	RebuildNativeTypeToScriptingClass (14ms)
	initialDomainReloadingComplete (34ms)
	LoadAllAssembliesAndSetupDomain (401ms)
		LoadAssemblies (334ms)
		RebuildTransferFunctionScriptingTraits (0ms)
		AnalyzeDomain (160ms)
			TypeCache.Refresh (8ms)
				TypeCache.ScanAssembly (0ms)
			BuildScriptInfoCaches (139ms)
			ResolveRequiredComponents (9ms)
	FinalizeReload (625ms)
		ReleaseScriptCaches (0ms)
		RebuildScriptCaches (0ms)
		SetupLoadedEditorAssemblies (480ms)
			LogAssemblyErrors (0ms)
			InitializePlatformSupportModulesInManaged (8ms)
			SetLoadedEditorAssemblies (5ms)
			BeforeProcessingInitializeOnLoad (122ms)
			ProcessInitializeOnLoadAttributes (291ms)
			ProcessInitializeOnLoadMethodAttributes (46ms)
			AfterProcessingInitializeOnLoad (8ms)
			EditorAssembliesLoaded (0ms)
		ExecutionOrderSort2 (0ms)
		AwakeInstancesAfterBackupRestoration (18ms)
Refreshing native plugins compatible for Editor in 1.71 ms, found 3 plugins.
Preloading 0 native plugins for Editor in 0.00 ms.
Unloading 13 Unused Serialized files (Serialized files now loaded: 0)
Unloading 6158 unused Assets / (4.7 MB). Loaded Objects now: 6882.
Memory consumption went from 134.8 MB to 130.1 MB.
Total: 9.717600 ms (FindLiveObjects: 1.002800 ms CreateObjectMapping: 0.683000 ms MarkObjects: 4.849700 ms  DeleteObjects: 3.181300 ms)

Prepare: number of updated asset objects reloaded= 0
========================================================================
Received Prepare
Begin MonoManager ReloadAssembly
- Loaded All Assemblies, in  0.713 seconds
Refreshing native plugins compatible for Editor in 1.28 ms, found 3 plugins.
Native extension for Android target not found
Native extension for WindowsStandalone target not found
[Package Manager] Failed to launch server process. Reason: Unity was launched with the -noUpm command-line argument
[Package Manager] Unable to send message (not connected to server process).
[Package Manager] Cannot connect to Unity Package Manager local server
Mono: successfully reloaded assembly
- Finished resetting the current domain, in  0.700 seconds
Domain Reload Profiling: 1410ms
	BeginReloadAssembly (229ms)
		ExecutionOrderSort (0ms)
		DisableScriptedObjects (7ms)
		BackupInstance (0ms)
		ReleaseScriptingObjects (0ms)
		CreateAndSetChildDomain (59ms)
	RebuildCommonClasses (38ms)
	RebuildNativeTypeToScriptingClass (13ms)
	initialDomainReloadingComplete (31ms)
	LoadAllAssembliesAndSetupDomain (398ms)
		LoadAssemblies (346ms)
		RebuildTransferFunctionScriptingTraits (0ms)
		AnalyzeDomain (157ms)
			TypeCache.Refresh (7ms)
				TypeCache.ScanAssembly (0ms)
			BuildScriptInfoCaches (137ms)
			ResolveRequiredComponents (9ms)
	FinalizeReload (701ms)
		ReleaseScriptCaches (0ms)
		RebuildScriptCaches (0ms)
		SetupLoadedEditorAssemblies (548ms)
			LogAssemblyErrors (0ms)
			InitializePlatformSupportModulesInManaged (12ms)
			SetLoadedEditorAssemblies (4ms)
			BeforeProcessingInitializeOnLoad (132ms)
			ProcessInitializeOnLoadAttributes (328ms)
			ProcessInitializeOnLoadMethodAttributes (61ms)
			AfterProcessingInitializeOnLoad (10ms)
			EditorAssembliesLoaded (0ms)
		ExecutionOrderSort2 (0ms)
		AwakeInstancesAfterBackupRestoration (19ms)
Refreshing native plugins compatible for Editor in 1.65 ms, found 3 plugins.
Preloading 0 native plugins for Editor in 0.00 ms.
Unloading 13 Unused Serialized files (Serialized files now loaded: 0)
Unloading 6158 unused Assets / (4.1 MB). Loaded Objects now: 6885.
Memory consumption went from 134.8 MB to 130.7 MB.
Total: 9.695100 ms (FindLiveObjects: 0.906400 ms CreateObjectMapping: 0.457600 ms MarkObjects: 5.624200 ms  DeleteObjects: 2.705500 ms)

Prepare: number of updated asset objects reloaded= 0
========================================================================
Received Import Request.
  Time since last request: 245.470373 seconds.
  path: Assets/Script/Teleportable.cs
  artifactKey: Guid(d7c8cde619077c040a232b01772720ff) Importer(815301076,1909f56bfc062723c751e8b465ee728b)
Start importing Assets/Script/Teleportable.cs using Guid(d7c8cde619077c040a232b01772720ff) Importer(815301076,1909f56bfc062723c751e8b465ee728b) (PreviewImporter) -> (artifact id: '0ed386cd81aaaff183f5f15b5feca0e7') in 0.0020457 seconds
Number of updated asset objects reloaded before import = 0Number of asset objects unloaded after import = 0

========================================================================
Received Prepare
Refreshing native plugins compatible for Editor in 2.23 ms, found 3 plugins.
Preloading 0 native plugins for Editor in 0.00 ms.
Unloading 13 Unused Serialized files (Serialized files now loaded: 0)
Unloading 6151 unused Assets / (4.1 MB). Loaded Objects now: 6885.
Memory consumption went from 135.0 MB to 130.9 MB.
Total: 16.268700 ms (FindLiveObjects: 1.355100 ms CreateObjectMapping: 1.477000 ms MarkObjects: 9.808800 ms  DeleteObjects: 3.626400 ms)

Prepare: number of updated asset objects reloaded= 0
========================================================================
Received Import Request.
  Time since last request: 3.821622 seconds.
  path: Assets/Script/Teleportable.cs
  artifactKey: Guid(d7c8cde619077c040a232b01772720ff) Importer(815301076,1909f56bfc062723c751e8b465ee728b)
Start importing Assets/Script/Teleportable.cs using Guid(d7c8cde619077c040a232b01772720ff) Importer(815301076,1909f56bfc062723c751e8b465ee728b) (PreviewImporter) -> (artifact id: 'de16eb50ade6d531dcce852341cfbed3') in 0.0008075 seconds
Number of updated asset objects reloaded before import = 0Number of asset objects unloaded after import = 0

========================================================================
Received Import Request.
  Time since last request: 52.979563 seconds.
  path: Assets/Script/Teleportable.cs
  artifactKey: Guid(d7c8cde619077c040a232b01772720ff) Importer(2089858483,192608db42251d675da83286b1cce702)
Start importing Assets/Script/Teleportable.cs using Guid(d7c8cde619077c040a232b01772720ff) Importer(2089858483,192608db42251d675da83286b1cce702) (ScriptedImporter) -> (artifact id: '766fe42eb19beee5e1dfa300bbb2e1af') in 0.1529874 seconds
Number of updated asset objects reloaded before import = 0Number of asset objects unloaded after import = 0

========================================================================
Received Prepare
Refreshing native plugins compatible for Editor in 1.98 ms, found 3 plugins.
Preloading 0 native plugins for Editor in 0.00 ms.
Unloading 13 Unused Serialized files (Serialized files now loaded: 0)
Unloading 6152 unused Assets / (2.9 MB). Loaded Objects now: 6886.
Memory consumption went from 135.0 MB to 132.1 MB.
Total: 14.994200 ms (FindLiveObjects: 2.508900 ms CreateObjectMapping: 1.393800 ms MarkObjects: 6.750000 ms  DeleteObjects: 4.340000 ms)

Prepare: number of updated asset objects reloaded= 0
========================================================================
Received Import Request.
  Time since last request: 8.293869 seconds.
  path: Assets/Script/CCteleservice.cs
  artifactKey: Guid(c3889c214c689d74ca8fed3aa1554d08) Importer(815301076,1909f56bfc062723c751e8b465ee728b)
Start importing Assets/Script/CCteleservice.cs using Guid(c3889c214c689d74ca8fed3aa1554d08) Importer(815301076,1909f56bfc062723c751e8b465ee728b) (PreviewImporter) -> (artifact id: 'a501362fe5d05b29786d6ffb705184ce') in 0.0007752 seconds
Number of updated asset objects reloaded before import = 0Number of asset objects unloaded after import = 0

========================================================================
Received Import Request.
  Time since last request: 0.542886 seconds.
  path: Assets/Script/CCteleservice.cs
  artifactKey: Guid(c3889c214c689d74ca8fed3aa1554d08) Importer(2089858483,192608db42251d675da83286b1cce702)
Start importing Assets/Script/CCteleservice.cs using Guid(c3889c214c689d74ca8fed3aa1554d08) Importer(2089858483,192608db42251d675da83286b1cce702) (ScriptedImporter) -> (artifact id: '0c58f70798d0e9ed8944f62a13d41468') in 0.025882 seconds
Number of updated asset objects reloaded before import = 0Number of asset objects unloaded after import = 0

========================================================================
Received Prepare
Refreshing native plugins compatible for Editor in 1.61 ms, found 3 plugins.
Preloading 0 native plugins for Editor in 0.00 ms.
Unloading 13 Unused Serialized files (Serialized files now loaded: 0)
Unloading 6152 unused Assets / (3.9 MB). Loaded Objects now: 6886.
Memory consumption went from 135.0 MB to 131.1 MB.
Total: 10.618600 ms (FindLiveObjects: 1.070700 ms CreateObjectMapping: 1.203500 ms MarkObjects: 5.961800 ms  DeleteObjects: 2.381600 ms)

Prepare: number of updated asset objects reloaded= 0
========================================================================
Received Import Request.
  Time since last request: 20.505744 seconds.
  path: Assets/Script/CCteleservice.cs
  artifactKey: Guid(c3889c214c689d74ca8fed3aa1554d08) Importer(815301076,1909f56bfc062723c751e8b465ee728b)
Start importing Assets/Script/CCteleservice.cs using Guid(c3889c214c689d74ca8fed3aa1554d08) Importer(815301076,1909f56bfc062723c751e8b465ee728b) (PreviewImporter) -> (artifact id: 'f46af95d16e6d4b969ff94e210c42b5f') in 0.0008689 seconds
Number of updated asset objects reloaded before import = 0Number of asset objects unloaded after import = 0

========================================================================
Received Import Request.
  Time since last request: 0.630961 seconds.
  path: Assets/Script/CCteleservice.cs
  artifactKey: Guid(c3889c214c689d74ca8fed3aa1554d08) Importer(2089858483,192608db42251d675da83286b1cce702)
Start importing Assets/Script/CCteleservice.cs using Guid(c3889c214c689d74ca8fed3aa1554d08) Importer(2089858483,192608db42251d675da83286b1cce702) (ScriptedImporter) -> (artifact id: '21310a9051082647bafd7a744aac9f52') in 0.0167625 seconds
Number of updated asset objects reloaded before import = 0Number of asset objects unloaded after import = 0

========================================================================
Received Prepare
Refreshing native plugins compatible for Editor in 1.92 ms, found 3 plugins.
Preloading 0 native plugins for Editor in 0.00 ms.
Unloading 13 Unused Serialized files (Serialized files now loaded: 0)
Unloading 6152 unused Assets / (4.6 MB). Loaded Objects now: 6886.
Memory consumption went from 135.0 MB to 130.4 MB.
Total: 11.936600 ms (FindLiveObjects: 0.791700 ms CreateObjectMapping: 0.960000 ms MarkObjects: 6.549100 ms  DeleteObjects: 3.634600 ms)

Prepare: number of updated asset objects reloaded= 0
========================================================================
Received Import Request.
  Time since last request: 43.707117 seconds.
  path: Assets/Script/Portal.cs
  artifactKey: Guid(c59d7ce7a7ebb46488899b85d1276c67) Importer(2089858483,192608db42251d675da83286b1cce702)
Start importing Assets/Script/Portal.cs using Guid(c59d7ce7a7ebb46488899b85d1276c67) Importer(2089858483,192608db42251d675da83286b1cce702) (ScriptedImporter) -> (artifact id: '1e66fc376484db8d80f96d9ee6289e6b') in 0.0650714 seconds
Number of updated asset objects reloaded before import = 0Number of asset objects unloaded after import = 0

========================================================================
Received Prepare
Refreshing native plugins compatible for Editor in 1.97 ms, found 3 plugins.
Preloading 0 native plugins for Editor in 0.00 ms.
Unloading 13 Unused Serialized files (Serialized files now loaded: 0)
Unloading 6151 unused Assets / (4.0 MB). Loaded Objects now: 6885.
Memory consumption went from 135.0 MB to 131.0 MB.
Total: 9.612200 ms (FindLiveObjects: 0.766100 ms CreateObjectMapping: 0.504200 ms MarkObjects: 5.109400 ms  DeleteObjects: 3.231600 ms)

Prepare: number of updated asset objects reloaded= 0
========================================================================
Received Prepare
Begin MonoManager ReloadAssembly
[Licensing::Client] Successfully resolved entitlement details
[Licensing::Module] License group:
  Id: F4-UXBJ-HKKJ-KHXC-GWNW-XXXX
  Product: Unity Personal
  Type: ULF
  Expiration: Unlimited
[Licensing::Module] License group:
  Id: 6483514-UnityPersXXXX
  Product: Unity Personal
  Type: Assigned
  Expiration: Unlimited
- Loaded All Assemblies, in  0.755 seconds
Refreshing native plugins compatible for Editor in 1.43 ms, found 3 plugins.
Native extension for Android target not found
Native extension for WindowsStandalone target not found
[Package Manager] Failed to launch server process. Reason: Unity was launched with the -noUpm command-line argument
[Package Manager] Unable to send message (not connected to server process).
[Package Manager] Cannot connect to Unity Package Manager local server
Mono: successfully reloaded assembly
- Finished resetting the current domain, in  0.701 seconds
Domain Reload Profiling: 1454ms
	BeginReloadAssembly (226ms)
		ExecutionOrderSort (0ms)
		DisableScriptedObjects (8ms)
		BackupInstance (0ms)
		ReleaseScriptingObjects (0ms)
		CreateAndSetChildDomain (69ms)
	RebuildCommonClasses (35ms)
	RebuildNativeTypeToScriptingClass (12ms)
	initialDomainReloadingComplete (33ms)
	LoadAllAssembliesAndSetupDomain (446ms)
		LoadAssemblies (344ms)
		RebuildTransferFunctionScriptingTraits (0ms)
		AnalyzeDomain (193ms)
			TypeCache.Refresh (10ms)
				TypeCache.ScanAssembly (1ms)
			BuildScriptInfoCaches (166ms)
			ResolveRequiredComponents (12ms)
	FinalizeReload (701ms)
		ReleaseScriptCaches (0ms)
		RebuildScriptCaches (0ms)
		SetupLoadedEditorAssemblies (531ms)
			LogAssemblyErrors (0ms)
			InitializePlatformSupportModulesInManaged (10ms)
			SetLoadedEditorAssemblies (5ms)
			BeforeProcessingInitializeOnLoad (139ms)
			ProcessInitializeOnLoadAttributes (315ms)
			ProcessInitializeOnLoadMethodAttributes (53ms)
			AfterProcessingInitializeOnLoad (9ms)
			EditorAssembliesLoaded (0ms)
		ExecutionOrderSort2 (0ms)
		AwakeInstancesAfterBackupRestoration (16ms)
Refreshing native plugins compatible for Editor in 1.12 ms, found 3 plugins.
Preloading 0 native plugins for Editor in 0.00 ms.
Unloading 13 Unused Serialized files (Serialized files now loaded: 0)
Unloading 6158 unused Assets / (3.8 MB). Loaded Objects now: 6888.
Memory consumption went from 134.9 MB to 131.0 MB.
Total: 7.157000 ms (FindLiveObjects: 0.783200 ms CreateObjectMapping: 0.414500 ms MarkObjects: 3.808600 ms  DeleteObjects: 2.150200 ms)

Prepare: number of updated asset objects reloaded= 0
========================================================================
Received Prepare
Begin MonoManager ReloadAssembly
- Loaded All Assemblies, in  0.713 seconds
Refreshing native plugins compatible for Editor in 1.40 ms, found 3 plugins.
Native extension for Android target not found
Native extension for WindowsStandalone target not found
[Package Manager] Failed to launch server process. Reason: Unity was launched with the -noUpm command-line argument
[Package Manager] Unable to send message (not connected to server process).
[Package Manager] Cannot connect to Unity Package Manager local server
Mono: successfully reloaded assembly
- Finished resetting the current domain, in  0.866 seconds
Domain Reload Profiling: 1576ms
	BeginReloadAssembly (219ms)
		ExecutionOrderSort (0ms)
		DisableScriptedObjects (6ms)
		BackupInstance (0ms)
		ReleaseScriptingObjects (0ms)
		CreateAndSetChildDomain (56ms)
	RebuildCommonClasses (33ms)
	RebuildNativeTypeToScriptingClass (16ms)
	initialDomainReloadingComplete (33ms)
	LoadAllAssembliesAndSetupDomain (408ms)
		LoadAssemblies (350ms)
		RebuildTransferFunctionScriptingTraits (0ms)
		AnalyzeDomain (158ms)
			TypeCache.Refresh (7ms)
				TypeCache.ScanAssembly (0ms)
			BuildScriptInfoCaches (133ms)
			ResolveRequiredComponents (14ms)
	FinalizeReload (867ms)
		ReleaseScriptCaches (0ms)
		RebuildScriptCaches (0ms)
		SetupLoadedEditorAssemblies (702ms)
			LogAssemblyErrors (0ms)
			InitializePlatformSupportModulesInManaged (10ms)
			SetLoadedEditorAssemblies (5ms)
			BeforeProcessingInitializeOnLoad (168ms)
			ProcessInitializeOnLoadAttributes (433ms)
			ProcessInitializeOnLoadMethodAttributes (73ms)
			AfterProcessingInitializeOnLoad (13ms)
			EditorAssembliesLoaded (0ms)
		ExecutionOrderSort2 (0ms)
		AwakeInstancesAfterBackupRestoration (24ms)
Refreshing native plugins compatible for Editor in 2.40 ms, found 3 plugins.
Preloading 0 native plugins for Editor in 0.00 ms.
Unloading 13 Unused Serialized files (Serialized files now loaded: 0)
Unloading 6158 unused Assets / (4.3 MB). Loaded Objects now: 6891.
Memory consumption went from 134.9 MB to 130.6 MB.
Total: 12.472600 ms (FindLiveObjects: 1.352100 ms CreateObjectMapping: 1.104200 ms MarkObjects: 5.776000 ms  DeleteObjects: 4.239300 ms)

Prepare: number of updated asset objects reloaded= 0
========================================================================
Received Prepare
Begin MonoManager ReloadAssembly
- Loaded All Assemblies, in  0.681 seconds
Refreshing native plugins compatible for Editor in 1.15 ms, found 3 plugins.
Native extension for Android target not found
Native extension for WindowsStandalone target not found
[Package Manager] Failed to launch server process. Reason: Unity was launched with the -noUpm command-line argument
[Package Manager] Unable to send message (not connected to server process).
[Package Manager] Cannot connect to Unity Package Manager local server
Mono: successfully reloaded assembly
- Finished resetting the current domain, in  0.823 seconds
Domain Reload Profiling: 1501ms
	BeginReloadAssembly (206ms)
		ExecutionOrderSort (0ms)
		DisableScriptedObjects (6ms)
		BackupInstance (0ms)
		ReleaseScriptingObjects (0ms)
		CreateAndSetChildDomain (53ms)
	RebuildCommonClasses (30ms)
	RebuildNativeTypeToScriptingClass (10ms)
	initialDomainReloadingComplete (32ms)
	LoadAllAssembliesAndSetupDomain (400ms)
		LoadAssemblies (331ms)
		RebuildTransferFunctionScriptingTraits (0ms)
		AnalyzeDomain (159ms)
			TypeCache.Refresh (6ms)
				TypeCache.ScanAssembly (0ms)
			BuildScriptInfoCaches (138ms)
			ResolveRequiredComponents (10ms)
	FinalizeReload (823ms)
		ReleaseScriptCaches (0ms)
		RebuildScriptCaches (0ms)
		SetupLoadedEditorAssemblies (662ms)
			LogAssemblyErrors (0ms)
			InitializePlatformSupportModulesInManaged (10ms)
			SetLoadedEditorAssemblies (4ms)
			BeforeProcessingInitializeOnLoad (146ms)
			ProcessInitializeOnLoadAttributes (427ms)
			ProcessInitializeOnLoadMethodAttributes (63ms)
			AfterProcessingInitializeOnLoad (12ms)
			EditorAssembliesLoaded (0ms)
		ExecutionOrderSort2 (0ms)
		AwakeInstancesAfterBackupRestoration (21ms)
Refreshing native plugins compatible for Editor in 1.82 ms, found 3 plugins.
Preloading 0 native plugins for Editor in 0.00 ms.
Unloading 13 Unused Serialized files (Serialized files now loaded: 0)
Unloading 6158 unused Assets / (4.8 MB). Loaded Objects now: 6894.
Memory consumption went from 134.9 MB to 130.2 MB.
Total: 10.281400 ms (FindLiveObjects: 0.735400 ms CreateObjectMapping: 0.617700 ms MarkObjects: 5.664600 ms  DeleteObjects: 3.262500 ms)

Prepare: number of updated asset objects reloaded= 0
========================================================================
Received Prepare
Begin MonoManager ReloadAssembly
- Loaded All Assemblies, in  0.731 seconds
Refreshing native plugins compatible for Editor in 1.35 ms, found 3 plugins.
Native extension for Android target not found
Native extension for WindowsStandalone target not found
[Package Manager] Failed to launch server process. Reason: Unity was launched with the -noUpm command-line argument
[Package Manager] Unable to send message (not connected to server process).
[Package Manager] Cannot connect to Unity Package Manager local server
Mono: successfully reloaded assembly
- Finished resetting the current domain, in  0.713 seconds
Domain Reload Profiling: 1443ms
	BeginReloadAssembly (209ms)
		ExecutionOrderSort (0ms)
		DisableScriptedObjects (7ms)
		BackupInstance (0ms)
		ReleaseScriptingObjects (0ms)
		CreateAndSetChildDomain (53ms)
	RebuildCommonClasses (32ms)
	RebuildNativeTypeToScriptingClass (11ms)
	initialDomainReloadingComplete (33ms)
	LoadAllAssembliesAndSetupDomain (445ms)
		LoadAssemblies (347ms)
		RebuildTransferFunctionScriptingTraits (0ms)
		AnalyzeDomain (189ms)
			TypeCache.Refresh (8ms)
				TypeCache.ScanAssembly (0ms)
			BuildScriptInfoCaches (163ms)
			ResolveRequiredComponents (12ms)
	FinalizeReload (714ms)
		ReleaseScriptCaches (0ms)
		RebuildScriptCaches (0ms)
		SetupLoadedEditorAssemblies (549ms)
			LogAssemblyErrors (0ms)
			InitializePlatformSupportModulesInManaged (9ms)
			SetLoadedEditorAssemblies (5ms)
			BeforeProcessingInitializeOnLoad (126ms)
			ProcessInitializeOnLoadAttributes (332ms)
			ProcessInitializeOnLoadMethodAttributes (68ms)
			AfterProcessingInitializeOnLoad (11ms)
			EditorAssembliesLoaded (0ms)
		ExecutionOrderSort2 (0ms)
		AwakeInstancesAfterBackupRestoration (19ms)
Refreshing native plugins compatible for Editor in 1.95 ms, found 3 plugins.
Preloading 0 native plugins for Editor in 0.00 ms.
Unloading 13 Unused Serialized files (Serialized files now loaded: 0)
Unloading 6158 unused Assets / (4.0 MB). Loaded Objects now: 6897.
Memory consumption went from 135.0 MB to 131.0 MB.
Total: 9.892900 ms (FindLiveObjects: 0.872600 ms CreateObjectMapping: 0.518900 ms MarkObjects: 5.997300 ms  DeleteObjects: 2.503300 ms)

Prepare: number of updated asset objects reloaded= 0
========================================================================
Received Prepare
Begin MonoManager ReloadAssembly
[Licensing::Client] Successfully resolved entitlement details
[Licensing::Module] License group:
  Id: F4-UXBJ-HKKJ-KHXC-GWNW-XXXX
  Product: Unity Personal
  Type: ULF
  Expiration: Unlimited
[Licensing::Module] License group:
  Id: 6483514-UnityPersXXXX
  Product: Unity Personal
  Type: Assigned
  Expiration: Unlimited
- Loaded All Assemblies, in  0.738 seconds
Refreshing native plugins compatible for Editor in 1.40 ms, found 3 plugins.
Native extension for Android target not found
Native extension for WindowsStandalone target not found
[Package Manager] Failed to launch server process. Reason: Unity was launched with the -noUpm command-line argument
[Package Manager] Unable to send message (not connected to server process).
[Package Manager] Cannot connect to Unity Package Manager local server
Mono: successfully reloaded assembly
- Finished resetting the current domain, in  0.783 seconds
Domain Reload Profiling: 1519ms
	BeginReloadAssembly (220ms)
		ExecutionOrderSort (0ms)
		DisableScriptedObjects (6ms)
		BackupInstance (0ms)
		ReleaseScriptingObjects (0ms)
		CreateAndSetChildDomain (56ms)
	RebuildCommonClasses (37ms)
	RebuildNativeTypeToScriptingClass (12ms)
	initialDomainReloadingComplete (33ms)
	LoadAllAssembliesAndSetupDomain (433ms)
		LoadAssemblies (348ms)
		RebuildTransferFunctionScriptingTraits (0ms)
		AnalyzeDomain (180ms)
			TypeCache.Refresh (6ms)
				TypeCache.ScanAssembly (0ms)
			BuildScriptInfoCaches (160ms)
			ResolveRequiredComponents (10ms)
	FinalizeReload (783ms)
		ReleaseScriptCaches (0ms)
		RebuildScriptCaches (0ms)
		SetupLoadedEditorAssemblies (600ms)
			LogAssemblyErrors (0ms)
			InitializePlatformSupportModulesInManaged (9ms)
			SetLoadedEditorAssemblies (4ms)
			BeforeProcessingInitializeOnLoad (132ms)
			ProcessInitializeOnLoadAttributes (381ms)
			ProcessInitializeOnLoadMethodAttributes (62ms)
			AfterProcessingInitializeOnLoad (11ms)
			EditorAssembliesLoaded (0ms)
		ExecutionOrderSort2 (0ms)
		AwakeInstancesAfterBackupRestoration (18ms)
Refreshing native plugins compatible for Editor in 1.65 ms, found 3 plugins.
Preloading 0 native plugins for Editor in 0.00 ms.
Unloading 13 Unused Serialized files (Serialized files now loaded: 0)
Unloading 6158 unused Assets / (4.2 MB). Loaded Objects now: 6900.
Memory consumption went from 135.0 MB to 130.9 MB.
Total: 10.819700 ms (FindLiveObjects: 0.780800 ms CreateObjectMapping: 0.677600 ms MarkObjects: 6.034800 ms  DeleteObjects: 3.325300 ms)

Prepare: number of updated asset objects reloaded= 0
========================================================================
Received Prepare
Begin MonoManager ReloadAssembly
[Licensing::Client] Successfully resolved entitlement details
[Licensing::Module] License group:
  Id: F4-UXBJ-HKKJ-KHXC-GWNW-XXXX
  Product: Unity Personal
  Type: ULF
  Expiration: Unlimited
[Licensing::Module] License group:
  Id: 6483514-UnityPersXXXX
  Product: Unity Personal
  Type: Assigned
  Expiration: Unlimited
- Loaded All Assemblies, in  0.712 seconds
Refreshing native plugins compatible for Editor in 1.72 ms, found 3 plugins.
Native extension for Android target not found
Native extension for WindowsStandalone target not found
[Package Manager] Failed to launch server process. Reason: Unity was launched with the -noUpm command-line argument
[Package Manager] Unable to send message (not connected to server process).
[Package Manager] Cannot connect to Unity Package Manager local server
Mono: successfully reloaded assembly
- Finished resetting the current domain, in  0.793 seconds
Domain Reload Profiling: 1502ms
	BeginReloadAssembly (204ms)
		ExecutionOrderSort (0ms)
		DisableScriptedObjects (5ms)
		BackupInstance (0ms)
		ReleaseScriptingObjects (0ms)
		CreateAndSetChildDomain (55ms)
	RebuildCommonClasses (35ms)
	RebuildNativeTypeToScriptingClass (13ms)
	initialDomainReloadingComplete (32ms)
	LoadAllAssembliesAndSetupDomain (424ms)
		LoadAssemblies (332ms)
		RebuildTransferFunctionScriptingTraits (0ms)
		AnalyzeDomain (178ms)
			TypeCache.Refresh (7ms)
				TypeCache.ScanAssembly (0ms)
			BuildScriptInfoCaches (156ms)
			ResolveRequiredComponents (10ms)
	FinalizeReload (794ms)
		ReleaseScriptCaches (0ms)
		RebuildScriptCaches (0ms)
		SetupLoadedEditorAssemblies (615ms)
			LogAssemblyErrors (0ms)
			InitializePlatformSupportModulesInManaged (10ms)
			SetLoadedEditorAssemblies (5ms)
			BeforeProcessingInitializeOnLoad (146ms)
			ProcessInitializeOnLoadAttributes (380ms)
			ProcessInitializeOnLoadMethodAttributes (64ms)
			AfterProcessingInitializeOnLoad (10ms)
			EditorAssembliesLoaded (0ms)
		ExecutionOrderSort2 (0ms)
		AwakeInstancesAfterBackupRestoration (17ms)
Refreshing native plugins compatible for Editor in 1.68 ms, found 3 plugins.
Preloading 0 native plugins for Editor in 0.00 ms.
Unloading 13 Unused Serialized files (Serialized files now loaded: 0)
Unloading 6158 unused Assets / (4.1 MB). Loaded Objects now: 6903.
Memory consumption went from 135.0 MB to 130.9 MB.
Total: 10.181700 ms (FindLiveObjects: 0.923600 ms CreateObjectMapping: 0.755200 ms MarkObjects: 5.370300 ms  DeleteObjects: 3.131700 ms)

Prepare: number of updated asset objects reloaded= 0
========================================================================
Received Import Request.
  Time since last request: 688.349588 seconds.
  path: Assets/Hovl Studio/Magic effects pack
  artifactKey: Guid(ccaf0d0261bfcfe4f874cb02d8931eb9) Importer(815301076,1909f56bfc062723c751e8b465ee728b)
Start importing Assets/Hovl Studio/Magic effects pack using Guid(ccaf0d0261bfcfe4f874cb02d8931eb9) Importer(815301076,1909f56bfc062723c751e8b465ee728b) (PreviewImporter) -> (artifact id: '9880b5fa40493d13f91106f156374a72') in 0.0018736 seconds
Number of updated asset objects reloaded before import = 0Number of asset objects unloaded after import = 0

========================================================================
Received Import Request.
  Time since last request: 8.913495 seconds.
  path: Assets/Magic effects pack/Materials
  artifactKey: Guid(a342b6520836d4e40bf3cae8acbccd18) Importer(815301076,1909f56bfc062723c751e8b465ee728b)
Start importing Assets/Magic effects pack/Materials using Guid(a342b6520836d4e40bf3cae8acbccd18) Importer(815301076,1909f56bfc062723c751e8b465ee728b) (PreviewImporter) -> (artifact id: 'd25b351c85823fd454814068e58da131') in 0.0007311 seconds
Number of updated asset objects reloaded before import = 0Number of asset objects unloaded after import = 0

========================================================================
Received Import Request.
  Time since last request: 0.035580 seconds.
  path: Assets/Magic effects pack/Materials/Additive.mat
  artifactKey: Guid(32fac6e45890e9d48961b3db7c93c0be) Importer(815301076,1909f56bfc062723c751e8b465ee728b)
Start importing Assets/Magic effects pack/Materials/Additive.mat using Guid(32fac6e45890e9d48961b3db7c93c0be) Importer(815301076,1909f56bfc062723c751e8b465ee728b) (PreviewImporter) -> (artifact id: '0879e5af56723c912a3993e0573966f6') in 0.7113924 seconds
Number of updated asset objects reloaded before import = 0Number of asset objects unloaded after import = 1

========================================================================
Received Import Request.
  Time since last request: 0.000031 seconds.
  path: Assets/Magic effects pack/Materials/Electro.mat
  artifactKey: Guid(410fa9a27b8dd1f4989dd201babd7d76) Importer(815301076,1909f56bfc062723c751e8b465ee728b)
Start importing Assets/Magic effects pack/Materials/Electro.mat using Guid(410fa9a27b8dd1f4989dd201babd7d76) Importer(815301076,1909f56bfc062723c751e8b465ee728b) (PreviewImporter) -> (artifact id: '6fd37a9a77baf96fa28ac49e67a1cda5') in 0.0205776 seconds
Number of updated asset objects reloaded before import = 0Number of asset objects unloaded after import = 2

========================================================================
Received Import Request.
  Time since last request: 0.000040 seconds.
  path: Assets/Magic effects pack/Materials/Crack.mat
  artifactKey: Guid(d8bfd8e382dd58d4c8367e59434e8dd6) Importer(815301076,1909f56bfc062723c751e8b465ee728b)
Start importing Assets/Magic effects pack/Materials/Crack.mat using Guid(d8bfd8e382dd58d4c8367e59434e8dd6) Importer(815301076,1909f56bfc062723c751e8b465ee728b) (PreviewImporter) -> (artifact id: '3848f4da1281caef478dfeeb85b8e1f0') in 0.0252094 seconds
Number of updated asset objects reloaded before import = 0Number of asset objects unloaded after import = 2

========================================================================
Received Import Request.
  Time since last request: 0.000028 seconds.
  path: Assets/Magic effects pack/Materials/FlashFree2.mat
  artifactKey: Guid(8d24eed57b7238948b376d5f465fe635) Importer(815301076,1909f56bfc062723c751e8b465ee728b)
Start importing Assets/Magic effects pack/Materials/FlashFree2.mat using Guid(8d24eed57b7238948b376d5f465fe635) Importer(815301076,1909f56bfc062723c751e8b465ee728b) (PreviewImporter) -> (artifact id: '71f0d23a26a94979973eb1790cc7e281') in 0.1083691 seconds
Number of updated asset objects reloaded before import = 0Number of asset objects unloaded after import = 2

========================================================================
Received Import Request.
  Time since last request: 0.000036 seconds.
  path: Assets/Magic effects pack/Materials/Flare.mat
  artifactKey: Guid(818e127314f46c844a3b31d893dcfe6a) Importer(815301076,1909f56bfc062723c751e8b465ee728b)
Start importing Assets/Magic effects pack/Materials/Flare.mat using Guid(818e127314f46c844a3b31d893dcfe6a) Importer(815301076,1909f56bfc062723c751e8b465ee728b) (PreviewImporter) -> (artifact id: '1b2d235d16c0771b973a52f85e79f8b1') in 0.0256944 seconds
Number of updated asset objects reloaded before import = 0Number of asset objects unloaded after import = 2

========================================================================
Received Import Request.
  Time since last request: 0.000041 seconds.
  path: Assets/Magic effects pack/Materials/DistortionPoint.mat
  artifactKey: Guid(fe8d615cbaec71545b42f9163243b02d) Importer(815301076,1909f56bfc062723c751e8b465ee728b)
Start importing Assets/Magic effects pack/Materials/DistortionPoint.mat using Guid(fe8d615cbaec71545b42f9163243b02d) Importer(815301076,1909f56bfc062723c751e8b465ee728b) (PreviewImporter) -> (artifact id: '198d7ad7b7323abe3a691621ac092732') in 0.1068042 seconds
Number of updated asset objects reloaded before import = 0Number of asset objects unloaded after import = 3

========================================================================
Received Import Request.
  Time since last request: 0.000024 seconds.
  path: Assets/Magic effects pack/Materials/Circle.mat
  artifactKey: Guid(4bab0f95134663b4c9c3dd73939c0ff1) Importer(815301076,1909f56bfc062723c751e8b465ee728b)
Start importing Assets/Magic effects pack/Materials/Circle.mat using Guid(4bab0f95134663b4c9c3dd73939c0ff1) Importer(815301076,1909f56bfc062723c751e8b465ee728b) (PreviewImporter) -> (artifact id: '521c6e9bab59c12b4bb0c8b5a9a61ac1') in 0.0180482 seconds
Number of updated asset objects reloaded before import = 0Number of asset objects unloaded after import = 2

========================================================================
Received Import Request.
  Time since last request: 0.000024 seconds.
  path: Assets/Magic effects pack/Materials/FlashFree3.mat
  artifactKey: Guid(7fd9558895b67494eb2f7f39156609d4) Importer(815301076,1909f56bfc062723c751e8b465ee728b)
Start importing Assets/Magic effects pack/Materials/FlashFree3.mat using Guid(7fd9558895b67494eb2f7f39156609d4) Importer(815301076,1909f56bfc062723c751e8b465ee728b) (PreviewImporter) -> (artifact id: 'c299d3a8fe146ec4e085198ba8c7a597') in 0.0191372 seconds
Number of updated asset objects reloaded before import = 0Number of asset objects unloaded after import = 2

========================================================================
Received Import Request.
  Time since last request: 0.000038 seconds.
  path: Assets/Magic effects pack/Materials/Gradient2.mat
  artifactKey: Guid(60b5f02ed06fd6c44a405760cd19e59a) Importer(815301076,1909f56bfc062723c751e8b465ee728b)
Start importing Assets/Magic effects pack/Materials/Gradient2.mat using Guid(60b5f02ed06fd6c44a405760cd19e59a) Importer(815301076,1909f56bfc062723c751e8b465ee728b) (PreviewImporter) -> (artifact id: '82233f9cb27fd31a39f98546f97ab74b') in 0.0311689 seconds
Number of updated asset objects reloaded before import = 0Number of asset objects unloaded after import = 2

========================================================================
Received Import Request.
  Time since last request: 0.000029 seconds.
  path: Assets/Magic effects pack/Materials/Heart.mat
  artifactKey: Guid(e97a79db1dd66ad4d8f70932abe94b73) Importer(815301076,1909f56bfc062723c751e8b465ee728b)
Start importing Assets/Magic effects pack/Materials/Heart.mat using Guid(e97a79db1dd66ad4d8f70932abe94b73) Importer(815301076,1909f56bfc062723c751e8b465ee728b) (PreviewImporter) -> (artifact id: '2d76136fa1daf00676bb62acee1ba487') in 0.0236627 seconds
Number of updated asset objects reloaded before import = 0Number of asset objects unloaded after import = 2

========================================================================
Received Import Request.
  Time since last request: 0.000030 seconds.
  path: Assets/Magic effects pack/Materials/GlowFree1.mat
  artifactKey: Guid(32cc483f9636edd4bbb82e26419fd290) Importer(815301076,1909f56bfc062723c751e8b465ee728b)
Start importing Assets/Magic effects pack/Materials/GlowFree1.mat using Guid(32cc483f9636edd4bbb82e26419fd290) Importer(815301076,1909f56bfc062723c751e8b465ee728b) (PreviewImporter) -> (artifact id: '9b30e2c175d79bc8f90cb163d39df964') in 0.0208882 seconds
Number of updated asset objects reloaded before import = 0Number of asset objects unloaded after import = 2

========================================================================
Received Import Request.
  Time since last request: 1.658784 seconds.
  path: Assets/Magic effects pack/Models/Crystal1.fbx
  artifactKey: Guid(dd7028f27d1d4524f8624c129112b51f) Importer(815301076,1909f56bfc062723c751e8b465ee728b)
Start importing Assets/Magic effects pack/Models/Crystal1.fbx using Guid(dd7028f27d1d4524f8624c129112b51f) Importer(815301076,1909f56bfc062723c751e8b465ee728b) (PreviewImporter) -> (artifact id: 'a617f81d0515089b75f9e11ba78960dc') in 0.2935237 seconds
Number of updated asset objects reloaded before import = 0Number of asset objects unloaded after import = 7

========================================================================
Received Import Request.
  Time since last request: 0.000052 seconds.
  path: Assets/Magic effects pack/Models/Slash.fbx
  artifactKey: Guid(ce274bd34d1b1d24f831cdd3e246a4e8) Importer(815301076,1909f56bfc062723c751e8b465ee728b)
Start importing Assets/Magic effects pack/Models/Slash.fbx using Guid(ce274bd34d1b1d24f831cdd3e246a4e8) Importer(815301076,1909f56bfc062723c751e8b465ee728b) (PreviewImporter) -> (artifact id: '30b008830f3b07eede693088dcf718db') in 0.0236467 seconds
Number of updated asset objects reloaded before import = 0Number of asset objects unloaded after import = 7

========================================================================
Received Import Request.
  Time since last request: 3.918196 seconds.
  path: Assets/Magic effects pack/Prefabs/Portals
  artifactKey: Guid(562e4f1f238cfc74e85b37873fe6bfe1) Importer(815301076,1909f56bfc062723c751e8b465ee728b)
Start importing Assets/Magic effects pack/Prefabs/Portals using Guid(562e4f1f238cfc74e85b37873fe6bfe1) Importer(815301076,1909f56bfc062723c751e8b465ee728b) (PreviewImporter) -> (artifact id: '6bfde4a4206de687fcb517db03dba7e2') in 0.0005731 seconds
Number of updated asset objects reloaded before import = 0Number of asset objects unloaded after import = 0

========================================================================
Received Import Request.
  Time since last request: 0.347598 seconds.
  path: Assets/Magic effects pack/Prefabs/Portals/Portal blue.prefab
  artifactKey: Guid(45e0f06c750176947862c10346226439) Importer(815301076,1909f56bfc062723c751e8b465ee728b)
Start importing Assets/Magic effects pack/Prefabs/Portals/Portal blue.prefab using Guid(45e0f06c750176947862c10346226439) Importer(815301076,1909f56bfc062723c751e8b465ee728b) (PreviewImporter) -> (artifact id: 'f7bf59923ad73d3691b3cfdf02b40f96') in 0.0268265 seconds
Number of updated asset objects reloaded before import = 0Number of asset objects unloaded after import = 26

========================================================================
Received Import Request.
  Time since last request: 0.000032 seconds.
  path: Assets/Magic effects pack/Prefabs/Portals/Portal yellow.prefab
  artifactKey: Guid(5ad33d58a66ab154a89c9e88255601e5) Importer(815301076,1909f56bfc062723c751e8b465ee728b)
Start importing Assets/Magic effects pack/Prefabs/Portals/Portal yellow.prefab using Guid(5ad33d58a66ab154a89c9e88255601e5) Importer(815301076,1909f56bfc062723c751e8b465ee728b) (PreviewImporter) -> (artifact id: '6712db742a352a01c4182fbecdff86f6') in 0.0259522 seconds
Number of updated asset objects reloaded before import = 0Number of asset objects unloaded after import = 26

========================================================================
Received Prepare
Begin MonoManager ReloadAssembly
[Licensing::Client] Successfully resolved entitlement details
[Licensing::Module] License group:
  Id: F4-UXBJ-HKKJ-KHXC-GWNW-XXXX
  Product: Unity Personal
  Type: ULF
  Expiration: Unlimited
[Licensing::Module] License group:
  Id: 6483514-UnityPersXXXX
  Product: Unity Personal
  Type: Assigned
  Expiration: Unlimited
- Loaded All Assemblies, in  0.715 seconds
Refreshing native plugins compatible for Editor in 1.10 ms, found 3 plugins.
Native extension for Android target not found
Native extension for WindowsStandalone target not found
[Package Manager] Failed to launch server process. Reason: Unity was launched with the -noUpm command-line argument
[Package Manager] Unable to send message (not connected to server process).
[Package Manager] Cannot connect to Unity Package Manager local server
Mono: successfully reloaded assembly
- Finished resetting the current domain, in  0.626 seconds
Domain Reload Profiling: 1339ms
	BeginReloadAssembly (236ms)
		ExecutionOrderSort (0ms)
		DisableScriptedObjects (24ms)
		BackupInstance (0ms)
		ReleaseScriptingObjects (0ms)
		CreateAndSetChildDomain (59ms)
	RebuildCommonClasses (32ms)
	RebuildNativeTypeToScriptingClass (10ms)
	initialDomainReloadingComplete (31ms)
	LoadAllAssembliesAndSetupDomain (404ms)
		LoadAssemblies (335ms)
		RebuildTransferFunctionScriptingTraits (0ms)
		AnalyzeDomain (160ms)
			TypeCache.Refresh (6ms)
				TypeCache.ScanAssembly (0ms)
			BuildScriptInfoCaches (139ms)
			ResolveRequiredComponents (10ms)
	FinalizeReload (626ms)
		ReleaseScriptCaches (0ms)
		RebuildScriptCaches (0ms)
		SetupLoadedEditorAssemblies (488ms)
			LogAssemblyErrors (0ms)
			InitializePlatformSupportModulesInManaged (9ms)
			SetLoadedEditorAssemblies (4ms)
			BeforeProcessingInitializeOnLoad (118ms)
			ProcessInitializeOnLoadAttributes (301ms)
			ProcessInitializeOnLoadMethodAttributes (46ms)
			AfterProcessingInitializeOnLoad (10ms)
			EditorAssembliesLoaded (0ms)
		ExecutionOrderSort2 (0ms)
		AwakeInstancesAfterBackupRestoration (14ms)
Refreshing native plugins compatible for Editor in 1.81 ms, found 3 plugins.
Preloading 0 native plugins for Editor in 0.00 ms.
Unloading 13 Unused Serialized files (Serialized files now loaded: 0)
Unloading 6159 unused Assets / (4.1 MB). Loaded Objects now: 6975.
Memory consumption went from 143.5 MB to 139.4 MB.
Total: 9.468900 ms (FindLiveObjects: 0.816000 ms CreateObjectMapping: 0.524800 ms MarkObjects: 5.027700 ms  DeleteObjects: 3.099300 ms)

Prepare: number of updated asset objects reloaded= 0
========================================================================
Received Import Request.
  Time since last request: 163.836887 seconds.
  path: Assets/Magic effects pack/Prefabs
  artifactKey: Guid(30f354b2984b43147b902803fe8a4ce7) Importer(815301076,1909f56bfc062723c751e8b465ee728b)
Start importing Assets/Magic effects pack/Prefabs using Guid(30f354b2984b43147b902803fe8a4ce7) Importer(815301076,1909f56bfc062723c751e8b465ee728b) (PreviewImporter) -> (artifact id: '10241420cf605aa0d26774a9c676f6db') in 0.0023395 seconds
Number of updated asset objects reloaded before import = 0Number of asset objects unloaded after import = 0

========================================================================
Received Prepare
Begin MonoManager ReloadAssembly
[Licensing::Client] Successfully resolved entitlement details
[Licensing::Module] License group:
  Id: F4-UXBJ-HKKJ-KHXC-GWNW-XXXX
  Product: Unity Personal
  Type: ULF
  Expiration: Unlimited
[Licensing::Module] License group:
  Id: 6483514-UnityPersXXXX
  Product: Unity Personal
  Type: Assigned
  Expiration: Unlimited
- Loaded All Assemblies, in  0.701 seconds
Refreshing native plugins compatible for Editor in 1.13 ms, found 3 plugins.
Native extension for Android target not found
Native extension for WindowsStandalone target not found
[Package Manager] Failed to launch server process. Reason: Unity was launched with the -noUpm command-line argument
[Package Manager] Unable to send message (not connected to server process).
[Package Manager] Cannot connect to Unity Package Manager local server
Mono: successfully reloaded assembly
- Finished resetting the current domain, in  0.764 seconds
Domain Reload Profiling: 1463ms
	BeginReloadAssembly (196ms)
		ExecutionOrderSort (0ms)
		DisableScriptedObjects (7ms)
		BackupInstance (0ms)
		ReleaseScriptingObjects (0ms)
		CreateAndSetChildDomain (48ms)
	RebuildCommonClasses (31ms)
	RebuildNativeTypeToScriptingClass (10ms)
	initialDomainReloadingComplete (32ms)
	LoadAllAssembliesAndSetupDomain (428ms)
		LoadAssemblies (344ms)
		RebuildTransferFunctionScriptingTraits (0ms)
		AnalyzeDomain (168ms)
			TypeCache.Refresh (8ms)
				TypeCache.ScanAssembly (0ms)
			BuildScriptInfoCaches (146ms)
			ResolveRequiredComponents (10ms)
	FinalizeReload (765ms)
		ReleaseScriptCaches (0ms)
		RebuildScriptCaches (0ms)
		SetupLoadedEditorAssemblies (606ms)
			LogAssemblyErrors (0ms)
			InitializePlatformSupportModulesInManaged (9ms)
			SetLoadedEditorAssemblies (5ms)
			BeforeProcessingInitializeOnLoad (142ms)
			ProcessInitializeOnLoadAttributes (374ms)
			ProcessInitializeOnLoadMethodAttributes (65ms)
			AfterProcessingInitializeOnLoad (11ms)
			EditorAssembliesLoaded (0ms)
		ExecutionOrderSort2 (0ms)
		AwakeInstancesAfterBackupRestoration (18ms)
Refreshing native plugins compatible for Editor in 1.45 ms, found 3 plugins.
Preloading 0 native plugins for Editor in 0.00 ms.
Unloading 13 Unused Serialized files (Serialized files now loaded: 0)
Unloading 6158 unused Assets / (3.8 MB). Loaded Objects now: 6978.
Memory consumption went from 143.4 MB to 139.6 MB.
Total: 9.661900 ms (FindLiveObjects: 1.054900 ms CreateObjectMapping: 0.848600 ms MarkObjects: 5.267500 ms  DeleteObjects: 2.489600 ms)

Prepare: number of updated asset objects reloaded= 0
========================================================================
Received Import Request.
  Time since last request: 116.247595 seconds.
  path: Assets/Portals/Portal blue.prefab
  artifactKey: Guid(45e0f06c750176947862c10346226439) Importer(815301076,1909f56bfc062723c751e8b465ee728b)
Start importing Assets/Portals/Portal blue.prefab using Guid(45e0f06c750176947862c10346226439) Importer(815301076,1909f56bfc062723c751e8b465ee728b) (PreviewImporter) -> (artifact id: '8b3dd74677a4eccf71d2b7c7a4d63f4d') in 0.4179474 seconds
Number of updated asset objects reloaded before import = 0Number of asset objects unloaded after import = 18

========================================================================
Received Import Request.
  Time since last request: 0.000030 seconds.
  path: Assets/Portals/Portal red.prefab
  artifactKey: Guid(52c7d057cba585641bb68312c10d7791) Importer(815301076,1909f56bfc062723c751e8b465ee728b)
Start importing Assets/Portals/Portal red.prefab using Guid(52c7d057cba585641bb68312c10d7791) Importer(815301076,1909f56bfc062723c751e8b465ee728b) (PreviewImporter) -> (artifact id: 'ba72cd0164ece8e22e6ea9dff45dee3f') in 0.0110514 seconds
Number of updated asset objects reloaded before import = 0Number of asset objects unloaded after import = 18

========================================================================
Received Prepare
Begin MonoManager ReloadAssembly
[Licensing::Client] Successfully resolved entitlement details
[Licensing::Module] License group:
  Id: F4-UXBJ-HKKJ-KHXC-GWNW-XXXX
  Product: Unity Personal
  Type: ULF
  Expiration: Unlimited
[Licensing::Module] License group:
  Id: 6483514-UnityPersXXXX
  Product: Unity Personal
  Type: Assigned
  Expiration: Unlimited
- Loaded All Assemblies, in  0.818 seconds
Refreshing native plugins compatible for Editor in 1.26 ms, found 3 plugins.
Native extension for Android target not found
Native extension for WindowsStandalone target not found
[Package Manager] Failed to launch server process. Reason: Unity was launched with the -noUpm command-line argument
[Package Manager] Unable to send message (not connected to server process).
[Package Manager] Cannot connect to Unity Package Manager local server
Mono: successfully reloaded assembly
- Finished resetting the current domain, in  0.865 seconds
Domain Reload Profiling: 1680ms
	BeginReloadAssembly (250ms)
		ExecutionOrderSort (0ms)
		DisableScriptedObjects (24ms)
		BackupInstance (0ms)
		ReleaseScriptingObjects (0ms)
		CreateAndSetChildDomain (65ms)
	RebuildCommonClasses (39ms)
	RebuildNativeTypeToScriptingClass (14ms)
	initialDomainReloadingComplete (33ms)
	LoadAllAssembliesAndSetupDomain (480ms)
		LoadAssemblies (396ms)
		RebuildTransferFunctionScriptingTraits (0ms)
		AnalyzeDomain (182ms)
			TypeCache.Refresh (6ms)
				TypeCache.ScanAssembly (0ms)
			BuildScriptInfoCaches (161ms)
			ResolveRequiredComponents (9ms)
	FinalizeReload (866ms)
		ReleaseScriptCaches (0ms)
		RebuildScriptCaches (0ms)
		SetupLoadedEditorAssemblies (648ms)
			LogAssemblyErrors (0ms)
			InitializePlatformSupportModulesInManaged (13ms)
			SetLoadedEditorAssemblies (6ms)
			BeforeProcessingInitializeOnLoad (167ms)
			ProcessInitializeOnLoadAttributes (366ms)
			ProcessInitializeOnLoadMethodAttributes (82ms)
			AfterProcessingInitializeOnLoad (13ms)
			EditorAssembliesLoaded (0ms)
		ExecutionOrderSort2 (0ms)
		AwakeInstancesAfterBackupRestoration (23ms)
Refreshing native plugins compatible for Editor in 1.94 ms, found 3 plugins.
Preloading 0 native plugins for Editor in 0.00 ms.
Unloading 13 Unused Serialized files (Serialized files now loaded: 0)
Unloading 6158 unused Assets / (4.3 MB). Loaded Objects now: 7001.
Memory consumption went from 144.7 MB to 140.4 MB.
Total: 11.413800 ms (FindLiveObjects: 1.089000 ms CreateObjectMapping: 0.732100 ms MarkObjects: 6.586400 ms  DeleteObjects: 3.004800 ms)

Prepare: number of updated asset objects reloaded= 0
========================================================================
Received Import Request.
  Time since last request: 2128.026963 seconds.
  path: Assets/Script/Portal
  artifactKey: Guid(e1b183ec915f452418f8e1bcece90e5d) Importer(815301076,1909f56bfc062723c751e8b465ee728b)
Start importing Assets/Script/Portal using Guid(e1b183ec915f452418f8e1bcece90e5d) Importer(815301076,1909f56bfc062723c751e8b465ee728b) (PreviewImporter) -> (artifact id: '6f82d652e46b37bdf4035de15bdc9d26') in 0.0049713 seconds
Number of updated asset objects reloaded before import = 0Number of asset objects unloaded after import = 0

========================================================================
Received Import Request.
  Time since last request: 0.894566 seconds.
  path: Assets/Script/Portal
  artifactKey: Guid(e1b183ec915f452418f8e1bcece90e5d) Importer(2089858483,192608db42251d675da83286b1cce702)
Start importing Assets/Script/Portal using Guid(e1b183ec915f452418f8e1bcece90e5d) Importer(2089858483,192608db42251d675da83286b1cce702) (ScriptedImporter) -> (artifact id: '1860ffabac851533559f4bb78218e32f') in 0.1429859 seconds
Number of updated asset objects reloaded before import = 0Number of asset objects unloaded after import = 1

========================================================================
Received Prepare
Refreshing native plugins compatible for Editor in 1.26 ms, found 3 plugins.
Preloading 0 native plugins for Editor in 0.00 ms.
Unloading 13 Unused Serialized files (Serialized files now loaded: 0)
Unloading 6151 unused Assets / (4.2 MB). Loaded Objects now: 7001.
Memory consumption went from 144.7 MB to 140.5 MB.
Total: 10.511700 ms (FindLiveObjects: 0.776800 ms CreateObjectMapping: 0.400500 ms MarkObjects: 6.382400 ms  DeleteObjects: 2.951100 ms)

Prepare: number of updated asset objects reloaded= 0
========================================================================
Received Import Request.
  Time since last request: 8.850269 seconds.
  path: Assets/Script/Portal/CCteleservice.cs
  artifactKey: Guid(c3889c214c689d74ca8fed3aa1554d08) Importer(2089858483,192608db42251d675da83286b1cce702)
Start importing Assets/Script/Portal/CCteleservice.cs using Guid(c3889c214c689d74ca8fed3aa1554d08) Importer(2089858483,192608db42251d675da83286b1cce702) (ScriptedImporter) -> (artifact id: '52d239401d56e0275f97364fef389cd8') in 0.067824 seconds
Number of updated asset objects reloaded before import = 0Number of asset objects unloaded after import = 0

========================================================================
Received Import Request.
  Time since last request: 0.000024 seconds.
  path: Assets/Script/Portal/Portal.cs
  artifactKey: Guid(c59d7ce7a7ebb46488899b85d1276c67) Importer(2089858483,192608db42251d675da83286b1cce702)
Start importing Assets/Script/Portal/Portal.cs using Guid(c59d7ce7a7ebb46488899b85d1276c67) Importer(2089858483,192608db42251d675da83286b1cce702) (ScriptedImporter) -> (artifact id: '68bdaebdef3c3d25d8104d29fc06fa4b') in 0.017388 seconds
Number of updated asset objects reloaded before import = 0Number of asset objects unloaded after import = 0

========================================================================
Received Prepare
Begin MonoManager ReloadAssembly
[Licensing::Client] Successfully resolved entitlement details
[Licensing::Module] License group:
  Id: F4-UXBJ-HKKJ-KHXC-GWNW-XXXX
  Product: Unity Personal
  Type: ULF
  Expiration: Unlimited
[Licensing::Module] License group:
  Id: 6483514-UnityPersXXXX
  Product: Unity Personal
  Type: Assigned
  Expiration: Unlimited
- Loaded All Assemblies, in  0.843 seconds
Refreshing native plugins compatible for Editor in 1.70 ms, found 3 plugins.
Native extension for Android target not found
Native extension for WindowsStandalone target not found
[Package Manager] Failed to launch server process. Reason: Unity was launched with the -noUpm command-line argument
[Package Manager] Unable to send message (not connected to server process).
[Package Manager] Cannot connect to Unity Package Manager local server
Mono: successfully reloaded assembly
- Finished resetting the current domain, in  0.720 seconds
Domain Reload Profiling: 1562ms
	BeginReloadAssembly (262ms)
		ExecutionOrderSort (0ms)
		DisableScriptedObjects (7ms)
		BackupInstance (0ms)
		ReleaseScriptingObjects (0ms)
		CreateAndSetChildDomain (79ms)
	RebuildCommonClasses (39ms)
	RebuildNativeTypeToScriptingClass (12ms)
	initialDomainReloadingComplete (31ms)
	LoadAllAssembliesAndSetupDomain (498ms)
		LoadAssemblies (429ms)
		RebuildTransferFunctionScriptingTraits (0ms)
		AnalyzeDomain (183ms)
			TypeCache.Refresh (10ms)
				TypeCache.ScanAssembly (0ms)
			BuildScriptInfoCaches (157ms)
			ResolveRequiredComponents (10ms)
	FinalizeReload (720ms)
		ReleaseScriptCaches (0ms)
		RebuildScriptCaches (0ms)
		SetupLoadedEditorAssemblies (492ms)
			LogAssemblyErrors (0ms)
			InitializePlatformSupportModulesInManaged (10ms)
			SetLoadedEditorAssemblies (5ms)
			BeforeProcessingInitializeOnLoad (136ms)
			ProcessInitializeOnLoadAttributes (291ms)
			ProcessInitializeOnLoadMethodAttributes (42ms)
			AfterProcessingInitializeOnLoad (8ms)
			EditorAssembliesLoaded (0ms)
		ExecutionOrderSort2 (0ms)
		AwakeInstancesAfterBackupRestoration (12ms)
Refreshing native plugins compatible for Editor in 1.22 ms, found 3 plugins.
Preloading 0 native plugins for Editor in 0.00 ms.
Unloading 13 Unused Serialized files (Serialized files now loaded: 0)
Unloading 6158 unused Assets / (4.1 MB). Loaded Objects now: 7004.
Memory consumption went from 145.2 MB to 141.1 MB.
Total: 7.065300 ms (FindLiveObjects: 0.674900 ms CreateObjectMapping: 0.333800 ms MarkObjects: 4.081400 ms  DeleteObjects: 1.974300 ms)

Prepare: number of updated asset objects reloaded= 0
========================================================================
Received Prepare
Begin MonoManager ReloadAssembly
[Licensing::Client] Successfully resolved entitlement details
[Licensing::Module] License group:
  Id: F4-UXBJ-HKKJ-KHXC-GWNW-XXXX
  Product: Unity Personal
  Type: ULF
  Expiration: Unlimited
[Licensing::Module] License group:
  Id: 6483514-UnityPersXXXX
  Product: Unity Personal
  Type: Assigned
  Expiration: Unlimited
- Loaded All Assemblies, in  0.698 seconds
Refreshing native plugins compatible for Editor in 1.25 ms, found 3 plugins.
Native extension for Android target not found
Native extension for WindowsStandalone target not found
[Package Manager] Failed to launch server process. Reason: Unity was launched with the -noUpm command-line argument
[Package Manager] Unable to send message (not connected to server process).
[Package Manager] Cannot connect to Unity Package Manager local server
Mono: successfully reloaded assembly
- Finished resetting the current domain, in  0.752 seconds
Domain Reload Profiling: 1449ms
	BeginReloadAssembly (202ms)
		ExecutionOrderSort (0ms)
		DisableScriptedObjects (6ms)
		BackupInstance (0ms)
		ReleaseScriptingObjects (0ms)
		CreateAndSetChildDomain (50ms)
	RebuildCommonClasses (37ms)
	RebuildNativeTypeToScriptingClass (14ms)
	initialDomainReloadingComplete (31ms)
	LoadAllAssembliesAndSetupDomain (412ms)
		LoadAssemblies (340ms)
		RebuildTransferFunctionScriptingTraits (0ms)
		AnalyzeDomain (159ms)
			TypeCache.Refresh (7ms)
				TypeCache.ScanAssembly (0ms)
			BuildScriptInfoCaches (139ms)
			ResolveRequiredComponents (9ms)
	FinalizeReload (753ms)
		ReleaseScriptCaches (0ms)
		RebuildScriptCaches (0ms)
		SetupLoadedEditorAssemblies (558ms)
			LogAssemblyErrors (0ms)
			InitializePlatformSupportModulesInManaged (8ms)
			SetLoadedEditorAssemblies (5ms)
			BeforeProcessingInitializeOnLoad (122ms)
			ProcessInitializeOnLoadAttributes (344ms)
			ProcessInitializeOnLoadMethodAttributes (68ms)
			AfterProcessingInitializeOnLoad (10ms)
			EditorAssembliesLoaded (0ms)
		ExecutionOrderSort2 (0ms)
		AwakeInstancesAfterBackupRestoration (32ms)
Refreshing native plugins compatible for Editor in 1.75 ms, found 3 plugins.
Preloading 0 native plugins for Editor in 0.00 ms.
Unloading 13 Unused Serialized files (Serialized files now loaded: 0)
Unloading 6158 unused Assets / (4.1 MB). Loaded Objects now: 7007.
Memory consumption went from 145.2 MB to 141.2 MB.
Total: 12.139700 ms (FindLiveObjects: 1.074200 ms CreateObjectMapping: 1.644000 ms MarkObjects: 6.574900 ms  DeleteObjects: 2.845600 ms)

Prepare: number of updated asset objects reloaded= 0
========================================================================
Received Prepare
Begin MonoManager ReloadAssembly
- Loaded All Assemblies, in  0.660 seconds
Refreshing native plugins compatible for Editor in 1.18 ms, found 3 plugins.
Native extension for Android target not found
Native extension for WindowsStandalone target not found
[Package Manager] Failed to launch server process. Reason: Unity was launched with the -noUpm command-line argument
[Package Manager] Unable to send message (not connected to server process).
[Package Manager] Cannot connect to Unity Package Manager local server
Mono: successfully reloaded assembly
- Finished resetting the current domain, in  0.743 seconds
Domain Reload Profiling: 1402ms
	BeginReloadAssembly (194ms)
		ExecutionOrderSort (0ms)
		DisableScriptedObjects (7ms)
		BackupInstance (0ms)
		ReleaseScriptingObjects (0ms)
		CreateAndSetChildDomain (51ms)
	RebuildCommonClasses (32ms)
	RebuildNativeTypeToScriptingClass (11ms)
	initialDomainReloadingComplete (28ms)
	LoadAllAssembliesAndSetupDomain (393ms)
		LoadAssemblies (314ms)
		RebuildTransferFunctionScriptingTraits (0ms)
		AnalyzeDomain (162ms)
			TypeCache.Refresh (8ms)
				TypeCache.ScanAssembly (0ms)
			BuildScriptInfoCaches (140ms)
			ResolveRequiredComponents (9ms)
	FinalizeReload (743ms)
		ReleaseScriptCaches (0ms)
		RebuildScriptCaches (0ms)
		SetupLoadedEditorAssemblies (585ms)
			LogAssemblyErrors (0ms)
			InitializePlatformSupportModulesInManaged (9ms)
			SetLoadedEditorAssemblies (4ms)
			BeforeProcessingInitializeOnLoad (129ms)
			ProcessInitializeOnLoadAttributes (361ms)
			ProcessInitializeOnLoadMethodAttributes (72ms)
			AfterProcessingInitializeOnLoad (11ms)
			EditorAssembliesLoaded (0ms)
		ExecutionOrderSort2 (0ms)
		AwakeInstancesAfterBackupRestoration (20ms)
Refreshing native plugins compatible for Editor in 1.65 ms, found 3 plugins.
Preloading 0 native plugins for Editor in 0.00 ms.
Unloading 13 Unused Serialized files (Serialized files now loaded: 0)
Unloading 6158 unused Assets / (4.2 MB). Loaded Objects now: 7010.
Memory consumption went from 145.3 MB to 141.0 MB.
Total: 10.606900 ms (FindLiveObjects: 1.443500 ms CreateObjectMapping: 1.226400 ms MarkObjects: 5.177300 ms  DeleteObjects: 2.758400 ms)

Prepare: number of updated asset objects reloaded= 0
========================================================================
Received Prepare
Refreshing native plugins compatible for Editor in 1.87 ms, found 3 plugins.
Preloading 0 native plugins for Editor in 0.00 ms.
Unloading 13 Unused Serialized files (Serialized files now loaded: 0)
Unloading 6151 unused Assets / (4.3 MB). Loaded Objects now: 7010.
Memory consumption went from 145.5 MB to 141.1 MB.
Total: 39.077100 ms (FindLiveObjects: 1.597000 ms CreateObjectMapping: 0.681000 ms MarkObjects: 33.600700 ms  DeleteObjects: 3.197000 ms)

Prepare: number of updated asset objects reloaded= 0
========================================================================
Received Import Request.
  Time since last request: 3588.938182 seconds.
  path: Assets/Phillip Script/Camerafollow.cs
  artifactKey: Guid(506002909ac626149bc1694bc6dd690b) Importer(2089858483,192608db42251d675da83286b1cce702)
Start importing Assets/Phillip Script/Camerafollow.cs using Guid(506002909ac626149bc1694bc6dd690b) Importer(2089858483,192608db42251d675da83286b1cce702) (ScriptedImporter) -> (artifact id: 'f59e19c3a70886b960548ccfd7365f62') in 0.2628924 seconds
Number of updated asset objects reloaded before import = 0Number of asset objects unloaded after import = 0

========================================================================
Received Import Request.
  Time since last request: 0.000038 seconds.
  path: Assets/Phillip Script/Portal/Teleportable.cs
  artifactKey: Guid(d7c8cde619077c040a232b01772720ff) Importer(2089858483,192608db42251d675da83286b1cce702)
Start importing Assets/Phillip Script/Portal/Teleportable.cs using Guid(d7c8cde619077c040a232b01772720ff) Importer(2089858483,192608db42251d675da83286b1cce702) (ScriptedImporter) -> (artifact id: 'd719e5f2b76f62b9546842ce97e6e6b3') in 0.0154801 seconds
Number of updated asset objects reloaded before import = 0Number of asset objects unloaded after import = 0

========================================================================
Received Import Request.
  Time since last request: 0.000014 seconds.
  path: Assets/Phillip Script/Portal/CCteleservice.cs
  artifactKey: Guid(c3889c214c689d74ca8fed3aa1554d08) Importer(2089858483,192608db42251d675da83286b1cce702)
Start importing Assets/Phillip Script/Portal/CCteleservice.cs using Guid(c3889c214c689d74ca8fed3aa1554d08) Importer(2089858483,192608db42251d675da83286b1cce702) (ScriptedImporter) -> (artifact id: 'f21a4d3cc55a75671fd8d6cac2406dc3') in 0.0149829 seconds
Number of updated asset objects reloaded before import = 0Number of asset objects unloaded after import = 0

========================================================================
Received Import Request.
  Time since last request: 0.000024 seconds.
  path: Assets/Phillip Script/Playercontroller.cs
  artifactKey: Guid(a3cb13d696f2b0149bf4948995da1cfa) Importer(2089858483,192608db42251d675da83286b1cce702)
Start importing Assets/Phillip Script/Playercontroller.cs using Guid(a3cb13d696f2b0149bf4948995da1cfa) Importer(2089858483,192608db42251d675da83286b1cce702) (ScriptedImporter) -> (artifact id: '0364aa633d21a9fa1a95ba4bbabbe567') in 0.0213053 seconds
Number of updated asset objects reloaded before import = 0Number of asset objects unloaded after import = 0

========================================================================
Received Prepare
Begin MonoManager ReloadAssembly
[Licensing::Client] Successfully resolved entitlement details
[Licensing::Module] License group:
  Id: F4-UXBJ-HKKJ-KHXC-GWNW-XXXX
  Product: Unity Personal
  Type: ULF
  Expiration: Unlimited
[Licensing::Module] License group:
  Id: 6483514-UnityPersXXXX
  Product: Unity Personal
  Type: Assigned
  Expiration: Unlimited
- Loaded All Assemblies, in  1.070 seconds
Refreshing native plugins compatible for Editor in 1.13 ms, found 3 plugins.
Native extension for Android target not found
Native extension for WindowsStandalone target not found
[Package Manager] Failed to launch server process. Reason: Unity was launched with the -noUpm command-line argument
[Package Manager] Unable to send message (not connected to server process).
[Package Manager] Cannot connect to Unity Package Manager local server
Mono: successfully reloaded assembly
- Finished resetting the current domain, in  0.777 seconds
Domain Reload Profiling: 1844ms
	BeginReloadAssembly (328ms)
		ExecutionOrderSort (0ms)
		DisableScriptedObjects (9ms)
		BackupInstance (0ms)
		ReleaseScriptingObjects (0ms)
		CreateAndSetChildDomain (106ms)
	RebuildCommonClasses (48ms)
	RebuildNativeTypeToScriptingClass (14ms)
	initialDomainReloadingComplete (43ms)
	LoadAllAssembliesAndSetupDomain (634ms)
		LoadAssemblies (533ms)
		RebuildTransferFunctionScriptingTraits (0ms)
		AnalyzeDomain (240ms)
			TypeCache.Refresh (10ms)
				TypeCache.ScanAssembly (0ms)
			BuildScriptInfoCaches (211ms)
			ResolveRequiredComponents (13ms)
	FinalizeReload (778ms)
		ReleaseScriptCaches (0ms)
		RebuildScriptCaches (0ms)
		SetupLoadedEditorAssemblies (612ms)
			LogAssemblyErrors (0ms)
			InitializePlatformSupportModulesInManaged (8ms)
			SetLoadedEditorAssemblies (5ms)
			BeforeProcessingInitializeOnLoad (155ms)
			ProcessInitializeOnLoadAttributes (379ms)
			ProcessInitializeOnLoadMethodAttributes (54ms)
			AfterProcessingInitializeOnLoad (11ms)
			EditorAssembliesLoaded (0ms)
		ExecutionOrderSort2 (0ms)
		AwakeInstancesAfterBackupRestoration (13ms)
Refreshing native plugins compatible for Editor in 1.44 ms, found 3 plugins.
Preloading 0 native plugins for Editor in 0.00 ms.
Unloading 13 Unused Serialized files (Serialized files now loaded: 0)
Unloading 6158 unused Assets / (4.9 MB). Loaded Objects now: 7013.
Memory consumption went from 145.3 MB to 140.4 MB.
Total: 14.218200 ms (FindLiveObjects: 1.375600 ms CreateObjectMapping: 2.012000 ms MarkObjects: 7.075700 ms  DeleteObjects: 3.753600 ms)

Prepare: number of updated asset objects reloaded= 0
========================================================================
Received Import Request.
  Time since last request: 35.816611 seconds.
  path: Assets/Phillip Script
  artifactKey: Guid(e26a4ac6ab06db348ab789a0bba736ef) Importer(815301076,1909f56bfc062723c751e8b465ee728b)
Start importing Assets/Phillip Script using Guid(e26a4ac6ab06db348ab789a0bba736ef) Importer(815301076,1909f56bfc062723c751e8b465ee728b) (PreviewImporter) -> (artifact id: '8e24b7b41a08795c0a86b96a88919653') in 0.0017673 seconds
Number of updated asset objects reloaded before import = 0Number of asset objects unloaded after import = 0

========================================================================
Received Import Request.
  Time since last request: 15.288844 seconds.
  path: Assets/Phillip Script/New Folder
  artifactKey: Guid(0f44dfad83656374a96b33c91d981b66) Importer(815301076,1909f56bfc062723c751e8b465ee728b)
Start importing Assets/Phillip Script/New Folder using Guid(0f44dfad83656374a96b33c91d981b66) Importer(815301076,1909f56bfc062723c751e8b465ee728b) (PreviewImporter) -> (artifact id: '8c466550ccdfc9ad02fc8c9bf6e18bfc') in 0.0005656 seconds
Number of updated asset objects reloaded before import = 0Number of asset objects unloaded after import = 0

========================================================================
Received Import Request.
  Time since last request: 0.907933 seconds.
  path: Assets/Phillip Script/New Folder
  artifactKey: Guid(0f44dfad83656374a96b33c91d981b66) Importer(2089858483,192608db42251d675da83286b1cce702)
Start importing Assets/Phillip Script/New Folder using Guid(0f44dfad83656374a96b33c91d981b66) Importer(2089858483,192608db42251d675da83286b1cce702) (ScriptedImporter)
=================================================================
	Native Crash Reporting
=================================================================
Got a UNKNOWN while executing native code. This usually indicates
a fatal error in the mono runtime or one of the native libraries 
used by your application.
=================================================================

=================================================================
	Managed Stacktrace:
=================================================================
	  at <unknown> <0xffffffff>
	  at System.Reflection.MonoMethodInfo:get_method_info <0x00075>
	  at System.Reflection.MonoMethodInfo:GetMethodInfo <0x00042>
	  at System.Reflection.MonoMethodInfo:GetReturnType <0x0002a>
	  at System.Reflection.RuntimeMethodInfo:get_ReturnType <0x00022>
	  at System.Reflection.RuntimePropertyInfo:get_PropertyType <0x00067>
	  at UnityEditor.Rendering.Universal.MaterialReferenceBuilder:HasMaterialProperty <0x00017>
	  at System.Linq.Enumerable:Any <0x00096>
	  at <>c:<GetMaterialReferenceLookup>b__2_0 <0x0009a>
	  at WhereEnumerableIterator`1:MoveNext <0x000ea>
	  at UnityEditor.Rendering.Universal.MaterialReferenceBuilder:GetMaterialReferenceLookup <0x00478>
	  at UnityEditor.Rendering.Universal.MaterialReferenceBuilder:.cctor <0x00032>
	  at System.Object:runtime_invoke_void <0x00084>
	  at <unknown> <0xffffffff>
	  at System.Object:__icall_wrapper_mono_generic_class_init <0x0006a>
	  at UnityEditor.Rendering.Universal.ConversionIndexers:ConversionIndexer <0x0006a>
	  at <Module>:invoke_void_CustomObjectIndexerTarget_ObjectIndexer <0x00113>
	  at UnityEditor.Search.ObjectIndexer:CallCustomIndexers <0x004c9>
	  at UnityEditor.Search.ObjectIndexer:IndexCustomProperties <0x00132>
	  at UnityEditor.Search.AssetIndexer:IndexProperties <0x0041a>
	  at UnityEditor.Search.AssetIndexer:IndexDocument <0x00e3a>
	  at UnityEditor.Search.SearchIndexEntryImporter:OnImportAsset <0x00163>
	  at UnityEditor.AssetImporters.ScriptedImporter:GenerateAssetData <0x00018>
	  at <Module>:runtime_invoke_void__this___object <0x00092>
=================================================================
 -> (artifact id: '0ea50630006ee1bbc6e071d4f44c3eef') in 0.1181915 seconds
Number of updated asset objects reloaded before import = 0Number of asset objects unloaded after import = 1

========================================================================
Received Prepare
Refreshing native plugins compatible for Editor in 1.51 ms, found 3 plugins.
Preloading 0 native plugins for Editor in 0.00 ms.
Unloading 13 Unused Serialized files (Serialized files now loaded: 0)
Unloading 6151 unused Assets / (4.5 MB). Loaded Objects now: 7013.
Memory consumption went from 145.5 MB to 141.0 MB.
Total: 8.717900 ms (FindLiveObjects: 0.801500 ms CreateObjectMapping: 0.467600 ms MarkObjects: 4.496200 ms  DeleteObjects: 2.951300 ms)

Prepare: number of updated asset objects reloaded= 0
========================================================================
Received Import Request.
  Time since last request: 2.203401 seconds.
  path: Assets/Phillip Script/New Folder/Camerafollow.cs
  artifactKey: Guid(506002909ac626149bc1694bc6dd690b) Importer(2089858483,192608db42251d675da83286b1cce702)
Start importing Assets/Phillip Script/New Folder/Camerafollow.cs using Guid(506002909ac626149bc1694bc6dd690b) Importer(2089858483,192608db42251d675da83286b1cce702) (ScriptedImporter) -> (artifact id: 'c486816decadbdd4cf11c392c0e22e96') in 0.0423052 seconds
Number of updated asset objects reloaded before import = 0Number of asset objects unloaded after import = 0

========================================================================
Received Prepare
Begin MonoManager ReloadAssembly
- Loaded All Assemblies, in  0.982 seconds
Refreshing native plugins compatible for Editor in 1.95 ms, found 3 plugins.
Native extension for Android target not found
Native extension for WindowsStandalone target not found
[Package Manager] Failed to launch server process. Reason: Unity was launched with the -noUpm command-line argument
[Package Manager] Unable to send message (not connected to server process).
[Package Manager] Cannot connect to Unity Package Manager local server
Mono: successfully reloaded assembly
- Finished resetting the current domain, in  0.687 seconds
Domain Reload Profiling: 1665ms
	BeginReloadAssembly (283ms)
		ExecutionOrderSort (0ms)
		DisableScriptedObjects (7ms)
		BackupInstance (0ms)
		ReleaseScriptingObjects (0ms)
		CreateAndSetChildDomain (81ms)
	RebuildCommonClasses (53ms)
	RebuildNativeTypeToScriptingClass (17ms)
	initialDomainReloadingComplete (43ms)
	LoadAllAssembliesAndSetupDomain (581ms)
		LoadAssemblies (486ms)
		RebuildTransferFunctionScriptingTraits (0ms)
		AnalyzeDomain (218ms)
			TypeCache.Refresh (10ms)
				TypeCache.ScanAssembly (1ms)
			BuildScriptInfoCaches (192ms)
			ResolveRequiredComponents (11ms)
	FinalizeReload (688ms)
		ReleaseScriptCaches (0ms)
		RebuildScriptCaches (0ms)
		SetupLoadedEditorAssemblies (494ms)
			LogAssemblyErrors (0ms)
			InitializePlatformSupportModulesInManaged (11ms)
			SetLoadedEditorAssemblies (5ms)
			BeforeProcessingInitializeOnLoad (135ms)
			ProcessInitializeOnLoadAttributes (290ms)
			ProcessInitializeOnLoadMethodAttributes (45ms)
			AfterProcessingInitializeOnLoad (8ms)
			EditorAssembliesLoaded (0ms)
		ExecutionOrderSort2 (0ms)
		AwakeInstancesAfterBackupRestoration (14ms)
Refreshing native plugins compatible for Editor in 1.26 ms, found 3 plugins.
Preloading 0 native plugins for Editor in 0.00 ms.
Unloading 13 Unused Serialized files (Serialized files now loaded: 0)
Unloading 6158 unused Assets / (4.3 MB). Loaded Objects now: 7016.
Memory consumption went from 145.4 MB to 141.1 MB.
Total: 10.047300 ms (FindLiveObjects: 0.717500 ms CreateObjectMapping: 0.472900 ms MarkObjects: 6.413600 ms  DeleteObjects: 2.442200 ms)

Prepare: number of updated asset objects reloaded= 0
========================================================================
Received Prepare
Refreshing native plugins compatible for Editor in 1.25 ms, found 3 plugins.
Preloading 0 native plugins for Editor in 0.00 ms.
Unloading 13 Unused Serialized files (Serialized files now loaded: 0)
Unloading 6151 unused Assets / (4.0 MB). Loaded Objects now: 7016.
Memory consumption went from 145.5 MB to 141.5 MB.
Total: 6.437300 ms (FindLiveObjects: 0.653900 ms CreateObjectMapping: 0.331200 ms MarkObjects: 3.704800 ms  DeleteObjects: 1.746900 ms)

Prepare: number of updated asset objects reloaded= 0
========================================================================
Received Prepare
Begin MonoManager ReloadAssembly
- Loaded All Assemblies, in  0.832 seconds
Refreshing native plugins compatible for Editor in 2.18 ms, found 3 plugins.
Native extension for Android target not found
Native extension for WindowsStandalone target not found
[Package Manager] Failed to launch server process. Reason: Unity was launched with the -noUpm command-line argument
[Package Manager] Unable to send message (not connected to server process).
[Package Manager] Cannot connect to Unity Package Manager local server
Mono: successfully reloaded assembly
- Finished resetting the current domain, in  0.813 seconds
Domain Reload Profiling: 1641ms
	BeginReloadAssembly (228ms)
		ExecutionOrderSort (0ms)
		DisableScriptedObjects (8ms)
		BackupInstance (0ms)
		ReleaseScriptingObjects (0ms)
		CreateAndSetChildDomain (52ms)
	RebuildCommonClasses (48ms)
	RebuildNativeTypeToScriptingClass (18ms)
	initialDomainReloadingComplete (41ms)
	LoadAllAssembliesAndSetupDomain (493ms)
		LoadAssemblies (390ms)
		RebuildTransferFunctionScriptingTraits (0ms)
		AnalyzeDomain (208ms)
			TypeCache.Refresh (9ms)
				TypeCache.ScanAssembly (0ms)
			BuildScriptInfoCaches (186ms)
			ResolveRequiredComponents (9ms)
	FinalizeReload (814ms)
		ReleaseScriptCaches (0ms)
		RebuildScriptCaches (0ms)
		SetupLoadedEditorAssemblies (608ms)
			LogAssemblyErrors (0ms)
			InitializePlatformSupportModulesInManaged (10ms)
			SetLoadedEditorAssemblies (4ms)
			BeforeProcessingInitializeOnLoad (169ms)
			ProcessInitializeOnLoadAttributes (365ms)
			ProcessInitializeOnLoadMethodAttributes (51ms)
			AfterProcessingInitializeOnLoad (8ms)
			EditorAssembliesLoaded (0ms)
		ExecutionOrderSort2 (0ms)
		AwakeInstancesAfterBackupRestoration (20ms)
Refreshing native plugins compatible for Editor in 1.71 ms, found 3 plugins.
Preloading 0 native plugins for Editor in 0.00 ms.
Unloading 13 Unused Serialized files (Serialized files now loaded: 0)
Unloading 6158 unused Assets / (4.3 MB). Loaded Objects now: 7019.
Memory consumption went from 145.4 MB to 141.1 MB.
Total: 10.508300 ms (FindLiveObjects: 1.169000 ms CreateObjectMapping: 0.719000 ms MarkObjects: 5.833300 ms  DeleteObjects: 2.786400 ms)

Prepare: number of updated asset objects reloaded= 0
========================================================================
Received Import Request.
  Time since last request: 26.114286 seconds.
  path: Assets/Phillip Script/New Folder/Playercontroller.cs
  artifactKey: Guid(a3cb13d696f2b0149bf4948995da1cfa) Importer(2089858483,192608db42251d675da83286b1cce702)
Start importing Assets/Phillip Script/New Folder/Playercontroller.cs using Guid(a3cb13d696f2b0149bf4948995da1cfa) Importer(2089858483,192608db42251d675da83286b1cce702) (ScriptedImporter) -> (artifact id: '88bc35e60302676e52ca607b76d66415') in 0.1400583 seconds
Number of updated asset objects reloaded before import = 0Number of asset objects unloaded after import = 0

========================================================================
Received Prepare
Refreshing native plugins compatible for Editor in 1.66 ms, found 3 plugins.
Preloading 0 native plugins for Editor in 0.00 ms.
Unloading 13 Unused Serialized files (Serialized files now loaded: 0)
Unloading 6151 unused Assets / (4.8 MB). Loaded Objects now: 7019.
Memory consumption went from 145.6 MB to 140.9 MB.
Total: 9.835900 ms (FindLiveObjects: 0.670700 ms CreateObjectMapping: 0.578100 ms MarkObjects: 5.485300 ms  DeleteObjects: 3.100900 ms)

Prepare: number of updated asset objects reloaded= 0
========================================================================
Received Import Request.
  Time since last request: 4.419127 seconds.
  path: Assets/Phillip Script/Throwaway
  artifactKey: Guid(0f44dfad83656374a96b33c91d981b66) Importer(815301076,1909f56bfc062723c751e8b465ee728b)
Start importing Assets/Phillip Script/Throwaway using Guid(0f44dfad83656374a96b33c91d981b66) Importer(815301076,1909f56bfc062723c751e8b465ee728b) (PreviewImporter) -> (artifact id: '842a69491b3ea26be0e99b2ec9a4e0a6') in 0.0008617 seconds
Number of updated asset objects reloaded before import = 0Number of asset objects unloaded after import = 0

========================================================================
Received Import Request.
  Time since last request: 0.413826 seconds.
  path: Assets/Phillip Script/Throwaway
  artifactKey: Guid(0f44dfad83656374a96b33c91d981b66) Importer(2089858483,192608db42251d675da83286b1cce702)
Start importing Assets/Phillip Script/Throwaway using Guid(0f44dfad83656374a96b33c91d981b66) Importer(2089858483,192608db42251d675da83286b1cce702) (ScriptedImporter) -> (artifact id: 'ce56c253bf07c7e63167aaaa0bbd2550') in 0.0197654 seconds
Number of updated asset objects reloaded before import = 0Number of asset objects unloaded after import = 1

========================================================================
Received Import Request.
  Time since last request: 0.000018 seconds.
  path: Assets/Phillip Script/Throwaway/Playercontroller.cs
  artifactKey: Guid(a3cb13d696f2b0149bf4948995da1cfa) Importer(2089858483,192608db42251d675da83286b1cce702)
Start importing Assets/Phillip Script/Throwaway/Playercontroller.cs using Guid(a3cb13d696f2b0149bf4948995da1cfa) Importer(2089858483,192608db42251d675da83286b1cce702) (ScriptedImporter) -> (artifact id: 'df3c91eceace98f86f9d9a4ab164ce15') in 0.0171749 seconds
Number of updated asset objects reloaded before import = 0Number of asset objects unloaded after import = 0

========================================================================
Received Prepare
Begin MonoManager ReloadAssembly
[Licensing::Client] Successfully resolved entitlement details
[Licensing::Module] License group:
  Id: F4-UXBJ-HKKJ-KHXC-GWNW-XXXX
  Product: Unity Personal
  Type: ULF
  Expiration: Unlimited
[Licensing::Module] License group:
  Id: 6483514-UnityPersXXXX
  Product: Unity Personal
  Type: Assigned
  Expiration: Unlimited
- Loaded All Assemblies, in  0.915 seconds
Refreshing native plugins compatible for Editor in 8.76 ms, found 3 plugins.
Native extension for Android target not found
Native extension for WindowsStandalone target not found
[Package Manager] Failed to launch server process. Reason: Unity was launched with the -noUpm command-line argument
[Package Manager] Unable to send message (not connected to server process).
[Package Manager] Cannot connect to Unity Package Manager local server
Mono: successfully reloaded assembly
- Finished resetting the current domain, in  0.791 seconds
Domain Reload Profiling: 1703ms
	BeginReloadAssembly (261ms)
		ExecutionOrderSort (0ms)
		DisableScriptedObjects (7ms)
		BackupInstance (0ms)
		ReleaseScriptingObjects (0ms)
		CreateAndSetChildDomain (72ms)
	RebuildCommonClasses (46ms)
	RebuildNativeTypeToScriptingClass (15ms)
	initialDomainReloadingComplete (34ms)
	LoadAllAssembliesAndSetupDomain (556ms)
		LoadAssemblies (440ms)
		RebuildTransferFunctionScriptingTraits (0ms)
		AnalyzeDomain (226ms)
			TypeCache.Refresh (9ms)
				TypeCache.ScanAssembly (0ms)
			BuildScriptInfoCaches (198ms)
			ResolveRequiredComponents (13ms)
	FinalizeReload (792ms)
		ReleaseScriptCaches (0ms)
		RebuildScriptCaches (0ms)
		SetupLoadedEditorAssemblies (581ms)
			LogAssemblyErrors (0ms)
			InitializePlatformSupportModulesInManaged (12ms)
			SetLoadedEditorAssemblies (5ms)
			BeforeProcessingInitializeOnLoad (151ms)
			ProcessInitializeOnLoadAttributes (337ms)
			ProcessInitializeOnLoadMethodAttributes (64ms)
			AfterProcessingInitializeOnLoad (11ms)
			EditorAssembliesLoaded (0ms)
		ExecutionOrderSort2 (0ms)
		AwakeInstancesAfterBackupRestoration (17ms)
Refreshing native plugins compatible for Editor in 1.54 ms, found 3 plugins.
Preloading 0 native plugins for Editor in 0.00 ms.
Unloading 13 Unused Serialized files (Serialized files now loaded: 0)
Unloading 6158 unused Assets / (4.9 MB). Loaded Objects now: 7022.
Memory consumption went from 145.5 MB to 140.6 MB.
Total: 9.242400 ms (FindLiveObjects: 0.700800 ms CreateObjectMapping: 0.823000 ms MarkObjects: 4.561700 ms  DeleteObjects: 3.156000 ms)

Prepare: number of updated asset objects reloaded= 0
========================================================================
Received Import Request.
  Time since last request: 19422.989686 seconds.
  path: Assets/Scenes/SampleScene.unity
  artifactKey: Guid(99c9720ab356a0642a771bea13969a05) Importer(2089858483,192608db42251d675da83286b1cce702)
Start importing Assets/Scenes/SampleScene.unity using Guid(99c9720ab356a0642a771bea13969a05) Importer(2089858483,192608db42251d675da83286b1cce702) (ScriptedImporter) -> (artifact id: 'c302a6d1169f37e13abebba48b0d83eb') in 0.2595227 seconds
Number of updated asset objects reloaded before import = 0Number of asset objects unloaded after import = 1

========================================================================
Received Import Request.
  Time since last request: 8.278669 seconds.
  path: Assets/Phillip Script/Tile Puzzle
  artifactKey: Guid(bba2b668d1999b646adcc419d1e671cd) Importer(815301076,1909f56bfc062723c751e8b465ee728b)
Start importing Assets/Phillip Script/Tile Puzzle using Guid(bba2b668d1999b646adcc419d1e671cd) Importer(815301076,1909f56bfc062723c751e8b465ee728b) (PreviewImporter) -> (artifact id: 'b8507302a2da0c077af77865be778441') in 0.0009859 seconds
Number of updated asset objects reloaded before import = 0Number of asset objects unloaded after import = 0

========================================================================
Received Import Request.
  Time since last request: 0.867953 seconds.
  path: Assets/Phillip Script/Tile Puzzle
  artifactKey: Guid(bba2b668d1999b646adcc419d1e671cd) Importer(2089858483,192608db42251d675da83286b1cce702)
Start importing Assets/Phillip Script/Tile Puzzle using Guid(bba2b668d1999b646adcc419d1e671cd) Importer(2089858483,192608db42251d675da83286b1cce702) (ScriptedImporter) -> (artifact id: '35d4f24708a68ff44f2ff5f4cc0475a5') in 0.0212202 seconds
Number of updated asset objects reloaded before import = 0Number of asset objects unloaded after import = 1

========================================================================
Received Prepare
Refreshing native plugins compatible for Editor in 2.06 ms, found 3 plugins.
Preloading 0 native plugins for Editor in 0.00 ms.
Unloading 13 Unused Serialized files (Serialized files now loaded: 0)
Unloading 6152 unused Assets / (4.2 MB). Loaded Objects now: 7023.
Memory consumption went from 145.7 MB to 141.5 MB.
Total: 20.316400 ms (FindLiveObjects: 1.270100 ms CreateObjectMapping: 1.436100 ms MarkObjects: 14.221500 ms  DeleteObjects: 3.387600 ms)

Prepare: number of updated asset objects reloaded= 0
========================================================================
Received Import Request.
  Time since last request: 15.038252 seconds.
  path: Assets/Phillip Script/Tile Puzzle/LightTile.cs
  artifactKey: Guid(88c50b2689e3a1f45b3cdeb1d165a84a) Importer(815301076,1909f56bfc062723c751e8b465ee728b)
Start importing Assets/Phillip Script/Tile Puzzle/LightTile.cs using Guid(88c50b2689e3a1f45b3cdeb1d165a84a) Importer(815301076,1909f56bfc062723c751e8b465ee728b) (PreviewImporter) -> (artifact id: '28a21bd4e0ece1ee0c0dbf6561531ea7') in 0.0007937 seconds
Number of updated asset objects reloaded before import = 0Number of asset objects unloaded after import = 0

========================================================================
Received Import Request.
  Time since last request: 0.000018 seconds.
  path: Assets/Phillip Script/Tile Puzzle/LightTile.cs
  artifactKey: Guid(88c50b2689e3a1f45b3cdeb1d165a84a) Importer(2089858483,192608db42251d675da83286b1cce702)
Start importing Assets/Phillip Script/Tile Puzzle/LightTile.cs using Guid(88c50b2689e3a1f45b3cdeb1d165a84a) Importer(2089858483,192608db42251d675da83286b1cce702) (ScriptedImporter) -> (artifact id: '4777897c231159854a4e69f51938ab15') in 0.0483829 seconds
Number of updated asset objects reloaded before import = 0Number of asset objects unloaded after import = 0

========================================================================
Received Prepare
Begin MonoManager ReloadAssembly
[Licensing::Client] Successfully resolved entitlement details
[Licensing::Module] License group:
  Id: F4-UXBJ-HKKJ-KHXC-GWNW-XXXX
  Product: Unity Personal
  Type: ULF
  Expiration: Unlimited
[Licensing::Module] License group:
  Id: 6483514-UnityPersXXXX
  Product: Unity Personal
  Type: Assigned
  Expiration: Unlimited
- Loaded All Assemblies, in  2.631 seconds
Refreshing native plugins compatible for Editor in 1.28 ms, found 3 plugins.
Native extension for Android target not found
Native extension for WindowsStandalone target not found
[Package Manager] Failed to launch server process. Reason: Unity was launched with the -noUpm command-line argument
[Package Manager] Unable to send message (not connected to server process).
[Package Manager] Cannot connect to Unity Package Manager local server
Mono: successfully reloaded assembly
- Finished resetting the current domain, in  0.621 seconds
Domain Reload Profiling: 3249ms
	BeginReloadAssembly (551ms)
		ExecutionOrderSort (0ms)
		DisableScriptedObjects (8ms)
		BackupInstance (0ms)
		ReleaseScriptingObjects (0ms)
		CreateAndSetChildDomain (86ms)
	RebuildCommonClasses (151ms)
	RebuildNativeTypeToScriptingClass (11ms)
	initialDomainReloadingComplete (34ms)
	LoadAllAssembliesAndSetupDomain (1880ms)
		LoadAssemblies (2023ms)
		RebuildTransferFunctionScriptingTraits (0ms)
		AnalyzeDomain (249ms)
			TypeCache.Refresh (10ms)
				TypeCache.ScanAssembly (0ms)
			BuildScriptInfoCaches (225ms)
			ResolveRequiredComponents (9ms)
	FinalizeReload (622ms)
		ReleaseScriptCaches (0ms)
		RebuildScriptCaches (0ms)
		SetupLoadedEditorAssemblies (471ms)
			LogAssemblyErrors (0ms)
			InitializePlatformSupportModulesInManaged (8ms)
			SetLoadedEditorAssemblies (4ms)
			BeforeProcessingInitializeOnLoad (122ms)
			ProcessInitializeOnLoadAttributes (284ms)
			ProcessInitializeOnLoadMethodAttributes (44ms)
			AfterProcessingInitializeOnLoad (8ms)
			EditorAssembliesLoaded (0ms)
		ExecutionOrderSort2 (0ms)
		AwakeInstancesAfterBackupRestoration (14ms)
Refreshing native plugins compatible for Editor in 1.40 ms, found 3 plugins.
Preloading 0 native plugins for Editor in 0.00 ms.
Unloading 13 Unused Serialized files (Serialized files now loaded: 0)
Unloading 6159 unused Assets / (4.1 MB). Loaded Objects now: 7026.
Memory consumption went from 145.5 MB to 141.4 MB.
Total: 9.092800 ms (FindLiveObjects: 1.004000 ms CreateObjectMapping: 0.854100 ms MarkObjects: 5.046200 ms  DeleteObjects: 2.187500 ms)

Prepare: number of updated asset objects reloaded= 0
========================================================================
Received Import Request.
  Time since last request: 28.878899 seconds.
  path: Assets/Phillip Script/Tile Puzzle/LightTile.cs
  artifactKey: Guid(88c50b2689e3a1f45b3cdeb1d165a84a) Importer(815301076,1909f56bfc062723c751e8b465ee728b)
Start importing Assets/Phillip Script/Tile Puzzle/LightTile.cs using Guid(88c50b2689e3a1f45b3cdeb1d165a84a) Importer(815301076,1909f56bfc062723c751e8b465ee728b) (PreviewImporter) -> (artifact id: '1f00d52c190d0d2cfceea06ad4a9f017') in 0.0024138 seconds
Number of updated asset objects reloaded before import = 0Number of asset objects unloaded after import = 0

========================================================================
Received Prepare
Refreshing native plugins compatible for Editor in 1.69 ms, found 3 plugins.
Preloading 0 native plugins for Editor in 0.00 ms.
Unloading 13 Unused Serialized files (Serialized files now loaded: 0)
Unloading 6152 unused Assets / (4.3 MB). Loaded Objects now: 7026.
Memory consumption went from 145.7 MB to 141.4 MB.
Total: 12.611700 ms (FindLiveObjects: 1.151800 ms CreateObjectMapping: 0.996300 ms MarkObjects: 6.527200 ms  DeleteObjects: 3.934800 ms)

Prepare: number of updated asset objects reloaded= 0
========================================================================
Received Import Request.
  Time since last request: 18.798536 seconds.
  path: Assets/Phillip Script/Tile Puzzle/LightTile.cs
  artifactKey: Guid(88c50b2689e3a1f45b3cdeb1d165a84a) Importer(815301076,1909f56bfc062723c751e8b465ee728b)
Start importing Assets/Phillip Script/Tile Puzzle/LightTile.cs using Guid(88c50b2689e3a1f45b3cdeb1d165a84a) Importer(815301076,1909f56bfc062723c751e8b465ee728b) (PreviewImporter) -> (artifact id: '5cb8f1e02f816243640f4b43eed9b711') in 0.0006952 seconds
Number of updated asset objects reloaded before import = 0Number of asset objects unloaded after import = 0

========================================================================
Received Prepare
Begin MonoManager ReloadAssembly
- Loaded All Assemblies, in  0.800 seconds
Refreshing native plugins compatible for Editor in 1.51 ms, found 3 plugins.
Native extension for Android target not found
Native extension for WindowsStandalone target not found
[Package Manager] Failed to launch server process. Reason: Unity was launched with the -noUpm command-line argument
[Package Manager] Unable to send message (not connected to server process).
[Package Manager] Cannot connect to Unity Package Manager local server
Mono: successfully reloaded assembly
- Finished resetting the current domain, in  0.634 seconds
Domain Reload Profiling: 1431ms
	BeginReloadAssembly (238ms)
		ExecutionOrderSort (0ms)
		DisableScriptedObjects (7ms)
		BackupInstance (0ms)
		ReleaseScriptingObjects (0ms)
		CreateAndSetChildDomain (46ms)
	RebuildCommonClasses (49ms)
	RebuildNativeTypeToScriptingClass (15ms)
	initialDomainReloadingComplete (40ms)
	LoadAllAssembliesAndSetupDomain (454ms)
		LoadAssemblies (409ms)
		RebuildTransferFunctionScriptingTraits (0ms)
		AnalyzeDomain (169ms)
			TypeCache.Refresh (10ms)
				TypeCache.ScanAssembly (1ms)
			BuildScriptInfoCaches (143ms)
			ResolveRequiredComponents (12ms)
	FinalizeReload (634ms)
		ReleaseScriptCaches (0ms)
		RebuildScriptCaches (0ms)
		SetupLoadedEditorAssemblies (472ms)
			LogAssemblyErrors (0ms)
			InitializePlatformSupportModulesInManaged (9ms)
			SetLoadedEditorAssemblies (5ms)
			BeforeProcessingInitializeOnLoad (124ms)
			ProcessInitializeOnLoadAttributes (280ms)
			ProcessInitializeOnLoadMethodAttributes (47ms)
			AfterProcessingInitializeOnLoad (8ms)
			EditorAssembliesLoaded (0ms)
		ExecutionOrderSort2 (0ms)
		AwakeInstancesAfterBackupRestoration (18ms)
Refreshing native plugins compatible for Editor in 1.24 ms, found 3 plugins.
Preloading 0 native plugins for Editor in 0.00 ms.
Unloading 13 Unused Serialized files (Serialized files now loaded: 0)
Unloading 6159 unused Assets / (4.3 MB). Loaded Objects now: 7029.
Memory consumption went from 145.5 MB to 141.3 MB.
Total: 7.280300 ms (FindLiveObjects: 0.640400 ms CreateObjectMapping: 0.289100 ms MarkObjects: 4.307800 ms  DeleteObjects: 2.042300 ms)

Prepare: number of updated asset objects reloaded= 0
========================================================================
Received Import Request.
  Time since last request: 51.062657 seconds.
  path: Assets/Phillip Script/Tile Puzzle/LightTile.cs
  artifactKey: Guid(88c50b2689e3a1f45b3cdeb1d165a84a) Importer(2089858483,192608db42251d675da83286b1cce702)
Start importing Assets/Phillip Script/Tile Puzzle/LightTile.cs using Guid(88c50b2689e3a1f45b3cdeb1d165a84a) Importer(2089858483,192608db42251d675da83286b1cce702) (ScriptedImporter) -> (artifact id: 'dbdf0bbfa4ff1bf57296b8fd8ebdb8eb') in 0.1378492 seconds
Number of updated asset objects reloaded before import = 0Number of asset objects unloaded after import = 0

========================================================================
Received Prepare
Refreshing native plugins compatible for Editor in 1.29 ms, found 3 plugins.
Preloading 0 native plugins for Editor in 0.00 ms.
Unloading 13 Unused Serialized files (Serialized files now loaded: 0)
Unloading 6153 unused Assets / (4.1 MB). Loaded Objects now: 7030.
Memory consumption went from 145.8 MB to 141.7 MB.
Total: 7.512600 ms (FindLiveObjects: 0.653600 ms CreateObjectMapping: 0.293700 ms MarkObjects: 4.572500 ms  DeleteObjects: 1.992000 ms)

Prepare: number of updated asset objects reloaded= 0
========================================================================
Received Import Request.
  Time since last request: 6.286765 seconds.
  path: Assets/Phillip Script/Tile Puzzle/LightTilesPuzzle.cs
  artifactKey: Guid(78b1369dedb580b438bfa8a9656b1958) Importer(815301076,1909f56bfc062723c751e8b465ee728b)
Start importing Assets/Phillip Script/Tile Puzzle/LightTilesPuzzle.cs using Guid(78b1369dedb580b438bfa8a9656b1958) Importer(815301076,1909f56bfc062723c751e8b465ee728b) (PreviewImporter) -> (artifact id: 'e47e38030d92589502a12eee3016f169') in 0.000873 seconds
Number of updated asset objects reloaded before import = 0Number of asset objects unloaded after import = 0

========================================================================
Received Import Request.
  Time since last request: 0.217923 seconds.
  path: Assets/Phillip Script/Tile Puzzle/LightTilesPuzzle.cs
  artifactKey: Guid(78b1369dedb580b438bfa8a9656b1958) Importer(2089858483,192608db42251d675da83286b1cce702)
Start importing Assets/Phillip Script/Tile Puzzle/LightTilesPuzzle.cs using Guid(78b1369dedb580b438bfa8a9656b1958) Importer(2089858483,192608db42251d675da83286b1cce702) (ScriptedImporter) -> (artifact id: 'fbbc49e2de3e1c4ee5df3019538ab0ca') in 0.0178311 seconds
Number of updated asset objects reloaded before import = 0Number of asset objects unloaded after import = 0

========================================================================
Received Prepare
Begin MonoManager ReloadAssembly
[Licensing::Client] Successfully resolved entitlement details
[Licensing::Module] License group:
  Id: F4-UXBJ-HKKJ-KHXC-GWNW-XXXX
  Product: Unity Personal
  Type: ULF
  Expiration: Unlimited
[Licensing::Module] License group:
  Id: 6483514-UnityPersXXXX
  Product: Unity Personal
  Type: Assigned
  Expiration: Unlimited
- Loaded All Assemblies, in  0.941 seconds
Refreshing native plugins compatible for Editor in 1.38 ms, found 3 plugins.
Native extension for Android target not found
Native extension for WindowsStandalone target not found
[Package Manager] Failed to launch server process. Reason: Unity was launched with the -noUpm command-line argument
[Package Manager] Unable to send message (not connected to server process).
[Package Manager] Cannot connect to Unity Package Manager local server
Mono: successfully reloaded assembly
- Finished resetting the current domain, in  0.898 seconds
Domain Reload Profiling: 1832ms
	BeginReloadAssembly (288ms)
		ExecutionOrderSort (0ms)
		DisableScriptedObjects (12ms)
		BackupInstance (0ms)
		ReleaseScriptingObjects (0ms)
		CreateAndSetChildDomain (75ms)
	RebuildCommonClasses (54ms)
	RebuildNativeTypeToScriptingClass (16ms)
	initialDomainReloadingComplete (40ms)
	LoadAllAssembliesAndSetupDomain (535ms)
		LoadAssemblies (429ms)
		RebuildTransferFunctionScriptingTraits (0ms)
		AnalyzeDomain (226ms)
			TypeCache.Refresh (13ms)
				TypeCache.ScanAssembly (1ms)
			BuildScriptInfoCaches (193ms)
			ResolveRequiredComponents (14ms)
	FinalizeReload (898ms)
		ReleaseScriptCaches (0ms)
		RebuildScriptCaches (0ms)
		SetupLoadedEditorAssemblies (693ms)
			LogAssemblyErrors (0ms)
			InitializePlatformSupportModulesInManaged (11ms)
			SetLoadedEditorAssemblies (6ms)
			BeforeProcessingInitializeOnLoad (271ms)
			ProcessInitializeOnLoadAttributes (337ms)
			ProcessInitializeOnLoadMethodAttributes (57ms)
			AfterProcessingInitializeOnLoad (11ms)
			EditorAssembliesLoaded (0ms)
		ExecutionOrderSort2 (0ms)
		AwakeInstancesAfterBackupRestoration (18ms)
Refreshing native plugins compatible for Editor in 1.95 ms, found 3 plugins.
Preloading 0 native plugins for Editor in 0.00 ms.
Unloading 13 Unused Serialized files (Serialized files now loaded: 0)
Unloading 6160 unused Assets / (4.3 MB). Loaded Objects now: 7033.
Memory consumption went from 145.6 MB to 141.2 MB.
Total: 11.808800 ms (FindLiveObjects: 1.472600 ms CreateObjectMapping: 1.128900 ms MarkObjects: 5.396300 ms  DeleteObjects: 3.809800 ms)

Prepare: number of updated asset objects reloaded= 0
========================================================================
Received Prepare
Refreshing native plugins compatible for Editor in 1.60 ms, found 3 plugins.
Preloading 0 native plugins for Editor in 0.00 ms.
Unloading 13 Unused Serialized files (Serialized files now loaded: 0)
Unloading 6153 unused Assets / (5.2 MB). Loaded Objects now: 7033.
Memory consumption went from 145.8 MB to 140.6 MB.
Total: 10.773000 ms (FindLiveObjects: 1.041300 ms CreateObjectMapping: 0.546100 ms MarkObjects: 5.841600 ms  DeleteObjects: 3.343000 ms)

Prepare: number of updated asset objects reloaded= 0
========================================================================
Received Import Request.
  Time since last request: 11.118817 seconds.
  path: Assets/Phillip Script/Tile Puzzle/LightTilesPuzzle.cs
  artifactKey: Guid(78b1369dedb580b438bfa8a9656b1958) Importer(815301076,1909f56bfc062723c751e8b465ee728b)
Start importing Assets/Phillip Script/Tile Puzzle/LightTilesPuzzle.cs using Guid(78b1369dedb580b438bfa8a9656b1958) Importer(815301076,1909f56bfc062723c751e8b465ee728b) (PreviewImporter) -> (artifact id: '949bb396e2c9eec2c1cd2c395851c51a') in 0.0023947 seconds
Number of updated asset objects reloaded before import = 0Number of asset objects unloaded after import = 0

========================================================================
Received Prepare
Begin MonoManager ReloadAssembly
- Loaded All Assemblies, in  0.863 seconds
Refreshing native plugins compatible for Editor in 1.49 ms, found 3 plugins.
Native extension for Android target not found
Native extension for WindowsStandalone target not found
[Package Manager] Failed to launch server process. Reason: Unity was launched with the -noUpm command-line argument
[Package Manager] Unable to send message (not connected to server process).
[Package Manager] Cannot connect to Unity Package Manager local server
Mono: successfully reloaded assembly
- Finished resetting the current domain, in  0.735 seconds
Domain Reload Profiling: 1587ms
	BeginReloadAssembly (266ms)
		ExecutionOrderSort (0ms)
		DisableScriptedObjects (7ms)
		BackupInstance (0ms)
		ReleaseScriptingObjects (0ms)
		CreateAndSetChildDomain (61ms)
	RebuildCommonClasses (49ms)
	RebuildNativeTypeToScriptingClass (15ms)
	initialDomainReloadingComplete (41ms)
	LoadAllAssembliesAndSetupDomain (481ms)
		LoadAssemblies (442ms)
		RebuildTransferFunctionScriptingTraits (0ms)
		AnalyzeDomain (176ms)
			TypeCache.Refresh (9ms)
				TypeCache.ScanAssembly (0ms)
			BuildScriptInfoCaches (152ms)
			ResolveRequiredComponents (11ms)
	FinalizeReload (736ms)
		ReleaseScriptCaches (0ms)
		RebuildScriptCaches (0ms)
		SetupLoadedEditorAssemblies (550ms)
			LogAssemblyErrors (0ms)
			InitializePlatformSupportModulesInManaged (12ms)
			SetLoadedEditorAssemblies (6ms)
			BeforeProcessingInitializeOnLoad (176ms)
			ProcessInitializeOnLoadAttributes (296ms)
			ProcessInitializeOnLoadMethodAttributes (52ms)
			AfterProcessingInitializeOnLoad (7ms)
			EditorAssembliesLoaded (0ms)
		ExecutionOrderSort2 (0ms)
		AwakeInstancesAfterBackupRestoration (14ms)
Refreshing native plugins compatible for Editor in 1.51 ms, found 3 plugins.
Preloading 0 native plugins for Editor in 0.00 ms.
Unloading 13 Unused Serialized files (Serialized files now loaded: 0)
Unloading 6160 unused Assets / (4.1 MB). Loaded Objects now: 7036.
Memory consumption went from 145.6 MB to 141.5 MB.
Total: 8.126300 ms (FindLiveObjects: 0.712000 ms CreateObjectMapping: 0.376500 ms MarkObjects: 4.484600 ms  DeleteObjects: 2.552200 ms)

Prepare: number of updated asset objects reloaded= 0
========================================================================
Received Import Request.
  Time since last request: 52.440725 seconds.
  path: Assets/Hovl Studio/Magic effects pack/Textures/Arrow1.png
  artifactKey: Guid(cd95337217b49a143a851ed79a626632) Importer(815301076,1909f56bfc062723c751e8b465ee728b)
Start importing Assets/Hovl Studio/Magic effects pack/Textures/Arrow1.png using Guid(cd95337217b49a143a851ed79a626632) Importer(815301076,1909f56bfc062723c751e8b465ee728b) (PreviewImporter)[Licensing::Client] Successfully resolved entitlement details
[Licensing::Module] License group:
  Id: F4-UXBJ-HKKJ-KHXC-GWNW-XXXX
  Product: Unity Personal
  Type: ULF
  Expiration: Unlimited
[Licensing::Module] License group:
  Id: 6483514-UnityPersXXXX
  Product: Unity Personal
  Type: Assigned
  Expiration: Unlimited
 -> (artifact id: '346194b8a53178f4c23162bb6b37d10b') in 0.0764173 seconds
Number of updated asset objects reloaded before import = 0Number of asset objects unloaded after import = 2

========================================================================
Received Import Request.
  Time since last request: 0.000036 seconds.
  path: Assets/Hovl Studio/Magic effects pack/Textures/Concrete slab_Height.png
  artifactKey: Guid(db368c1c85b12fe48aba6cc9bcd41f43) Importer(815301076,1909f56bfc062723c751e8b465ee728b)
Start importing Assets/Hovl Studio/Magic effects pack/Textures/Concrete slab_Height.png using Guid(db368c1c85b12fe48aba6cc9bcd41f43) Importer(815301076,1909f56bfc062723c751e8b465ee728b) (PreviewImporter) -> (artifact id: 'ee94cdbb8815b758af1b8a286b9a0194') in 0.0228159 seconds
Number of updated asset objects reloaded before import = 0Number of asset objects unloaded after import = 2

========================================================================
Received Import Request.
  Time since last request: 0.000026 seconds.
  path: Assets/Hovl Studio/Magic effects pack/Textures/Concrete slab_MetallicSmoothness.png
  artifactKey: Guid(a685c8f461a651a46a2631ea3decafae) Importer(815301076,1909f56bfc062723c751e8b465ee728b)
Start importing Assets/Hovl Studio/Magic effects pack/Textures/Concrete slab_MetallicSmoothness.png using Guid(a685c8f461a651a46a2631ea3decafae) Importer(815301076,1909f56bfc062723c751e8b465ee728b) (PreviewImporter) -> (artifact id: '0eaa103ab39e46bd6e5993d35981d55f') in 0.0193807 seconds
Number of updated asset objects reloaded before import = 0Number of asset objects unloaded after import = 2

========================================================================
Received Import Request.
  Time since last request: 0.000014 seconds.
  path: Assets/Hovl Studio/Magic effects pack/Textures/Crystal1_Normal.png
  artifactKey: Guid(940d6b1ef6dc2ae4888ac8e8cb119c31) Importer(815301076,1909f56bfc062723c751e8b465ee728b)
Start importing Assets/Hovl Studio/Magic effects pack/Textures/Crystal1_Normal.png using Guid(940d6b1ef6dc2ae4888ac8e8cb119c31) Importer(815301076,1909f56bfc062723c751e8b465ee728b) (PreviewImporter) -> (artifact id: '734b891322c7178ac1a4714435704121') in 0.0249133 seconds
Number of updated asset objects reloaded before import = 0Number of asset objects unloaded after import = 2

========================================================================
Received Import Request.
  Time since last request: 0.000020 seconds.
  path: Assets/Hovl Studio/Magic effects pack/Textures/Flash.png
  artifactKey: Guid(497534591604c9c40922a9ea2ef833b2) Importer(815301076,1909f56bfc062723c751e8b465ee728b)
Start importing Assets/Hovl Studio/Magic effects pack/Textures/Flash.png using Guid(497534591604c9c40922a9ea2ef833b2) Importer(815301076,1909f56bfc062723c751e8b465ee728b) (PreviewImporter) -> (artifact id: 'df8e194eb6bc5ab1157612880992823f') in 0.0143275 seconds
Number of updated asset objects reloaded before import = 0Number of asset objects unloaded after import = 2

========================================================================
Received Import Request.
  Time since last request: 0.000027 seconds.
  path: Assets/Hovl Studio/Magic effects pack/Textures/Flare.png
  artifactKey: Guid(96a713cc4a0aa464caab5d8fad5911e5) Importer(815301076,1909f56bfc062723c751e8b465ee728b)
Start importing Assets/Hovl Studio/Magic effects pack/Textures/Flare.png using Guid(96a713cc4a0aa464caab5d8fad5911e5) Importer(815301076,1909f56bfc062723c751e8b465ee728b) (PreviewImporter) -> (artifact id: '082fe59a4a81ca7bf34275f61f320b9c') in 0.0208888 seconds
Number of updated asset objects reloaded before import = 0Number of asset objects unloaded after import = 2

========================================================================
Received Import Request.
  Time since last request: 0.000030 seconds.
  path: Assets/Hovl Studio/Magic effects pack/Textures/Heart.png
  artifactKey: Guid(47a48c9cf6895484983862ae79cb7102) Importer(815301076,1909f56bfc062723c751e8b465ee728b)
Start importing Assets/Hovl Studio/Magic effects pack/Textures/Heart.png using Guid(47a48c9cf6895484983862ae79cb7102) Importer(815301076,1909f56bfc062723c751e8b465ee728b) (PreviewImporter) -> (artifact id: 'f9d58935cc8499415b1ff77e45442928') in 0.0139534 seconds
Number of updated asset objects reloaded before import = 0Number of asset objects unloaded after import = 2

========================================================================
Received Import Request.
  Time since last request: 0.000017 seconds.
  path: Assets/Settings/Mobile_Renderer.asset
  artifactKey: Guid(65bc7dbf4170f435aa868c779acfb082) Importer(815301076,1909f56bfc062723c751e8b465ee728b)
Start importing Assets/Settings/Mobile_Renderer.asset using Guid(65bc7dbf4170f435aa868c779acfb082) Importer(815301076,1909f56bfc062723c751e8b465ee728b) (PreviewImporter) -> (artifact id: 'd246be45d650b496251a8b2536b3002f') in 0.0018953 seconds
Number of updated asset objects reloaded before import = 0Number of asset objects unloaded after import = 1

========================================================================
Received Import Request.
  Time since last request: 0.000016 seconds.
  path: Assets/Hovl Studio/Magic effects pack/Textures/MagicCircle2.png
  artifactKey: Guid(5a6bd793e147ac64e98bf339553fd728) Importer(815301076,1909f56bfc062723c751e8b465ee728b)
Start importing Assets/Hovl Studio/Magic effects pack/Textures/MagicCircle2.png using Guid(5a6bd793e147ac64e98bf339553fd728) Importer(815301076,1909f56bfc062723c751e8b465ee728b) (PreviewImporter) -> (artifact id: 'f84e0bfc9b8cf04637b70fe3c104bcd0') in 0.0162474 seconds
Number of updated asset objects reloaded before import = 0Number of asset objects unloaded after import = 2

========================================================================
Received Import Request.
  Time since last request: 0.000021 seconds.
  path: Assets/Hovl Studio/Magic effects pack/Textures/FlashFree2.png
  artifactKey: Guid(58de58939a6067c46bf0e5ddd893bd04) Importer(815301076,1909f56bfc062723c751e8b465ee728b)
Start importing Assets/Hovl Studio/Magic effects pack/Textures/FlashFree2.png using Guid(58de58939a6067c46bf0e5ddd893bd04) Importer(815301076,1909f56bfc062723c751e8b465ee728b) (PreviewImporter) -> (artifact id: '979ebce7453058886c9c1fc638209f5d') in 0.0137283 seconds
Number of updated asset objects reloaded before import = 0Number of asset objects unloaded after import = 2

========================================================================
Received Import Request.
  Time since last request: 0.000016 seconds.
  path: Assets/Hovl Studio/Magic effects pack/Textures/Gradient2.png
  artifactKey: Guid(2aef00c76b0b12740b0910319f11e6ab) Importer(815301076,1909f56bfc062723c751e8b465ee728b)
Start importing Assets/Hovl Studio/Magic effects pack/Textures/Gradient2.png using Guid(2aef00c76b0b12740b0910319f11e6ab) Importer(815301076,1909f56bfc062723c751e8b465ee728b) (PreviewImporter) -> (artifact id: '85f2fcd1d052650daffdeea4c4179e0e') in 0.0146477 seconds
Number of updated asset objects reloaded before import = 0Number of asset objects unloaded after import = 2

========================================================================
Received Import Request.
  Time since last request: 0.000027 seconds.
  path: Assets/Settings/PC_RPAsset.asset
  artifactKey: Guid(4b83569d67af61e458304325a23e5dfd) Importer(815301076,1909f56bfc062723c751e8b465ee728b)
Start importing Assets/Settings/PC_RPAsset.asset using Guid(4b83569d67af61e458304325a23e5dfd) Importer(815301076,1909f56bfc062723c751e8b465ee728b) (PreviewImporter) -> (artifact id: 'db197cde3899097fb35a5e04db69c105') in 0.0009305 seconds
Number of updated asset objects reloaded before import = 0Number of asset objects unloaded after import = 0

========================================================================
Received Import Request.
  Time since last request: 0.000019 seconds.
  path: Assets/Settings/Mobile_RPAsset.asset
  artifactKey: Guid(5e6cbd92db86f4b18aec3ed561671858) Importer(815301076,1909f56bfc062723c751e8b465ee728b)
Start importing Assets/Settings/Mobile_RPAsset.asset using Guid(5e6cbd92db86f4b18aec3ed561671858) Importer(815301076,1909f56bfc062723c751e8b465ee728b) (PreviewImporter) -> (artifact id: '4f72d667b303dfb429e5dcf2797d7d7c') in 0.0021323 seconds
Number of updated asset objects reloaded before import = 0Number of asset objects unloaded after import = 2

========================================================================
Received Import Request.
  Time since last request: 0.000016 seconds.
  path: Assets/Hovl Studio/Magic effects pack/Textures/Gradient.png
  artifactKey: Guid(878972c3151f97940b2c53535a0d1ce5) Importer(815301076,1909f56bfc062723c751e8b465ee728b)
Start importing Assets/Hovl Studio/Magic effects pack/Textures/Gradient.png using Guid(878972c3151f97940b2c53535a0d1ce5) Importer(815301076,1909f56bfc062723c751e8b465ee728b) (PreviewImporter) -> (artifact id: '58db6c9cff6e3fe8e0a988fd202000ab') in 0.0224293 seconds
Number of updated asset objects reloaded before import = 0Number of asset objects unloaded after import = 2

========================================================================
Received Import Request.
  Time since last request: 0.000022 seconds.
  path: Assets/Settings/DefaultVolumeProfile.asset
  artifactKey: Guid(ab09877e2e707104187f6f83e2f62510) Importer(815301076,1909f56bfc062723c751e8b465ee728b)
Start importing Assets/Settings/DefaultVolumeProfile.asset using Guid(ab09877e2e707104187f6f83e2f62510) Importer(815301076,1909f56bfc062723c751e8b465ee728b) (PreviewImporter) -> (artifact id: '10528149371aefc32227726816d72a59') in 0.0012606 seconds
Number of updated asset objects reloaded before import = 0Number of asset objects unloaded after import = 0

========================================================================
Received Import Request.
  Time since last request: 0.000017 seconds.
  path: Assets/Hovl Studio/Magic effects pack/Textures/GlowFree1.png
  artifactKey: Guid(1981381fdd7d3db47b18a6c0fe80ec5f) Importer(815301076,1909f56bfc062723c751e8b465ee728b)
Start importing Assets/Hovl Studio/Magic effects pack/Textures/GlowFree1.png using Guid(1981381fdd7d3db47b18a6c0fe80ec5f) Importer(815301076,1909f56bfc062723c751e8b465ee728b) (PreviewImporter) -> (artifact id: 'a0a0dd87460d13e7be5232ed8bcf7e91') in 0.016983 seconds
Number of updated asset objects reloaded before import = 0Number of asset objects unloaded after import = 2

========================================================================
Received Import Request.
  Time since last request: 0.000028 seconds.
  path: Assets/Hovl Studio/Magic effects pack/Textures/Concrete slab_Normal.png
  artifactKey: Guid(3a0dde7201a17f646865e8deeac56596) Importer(815301076,1909f56bfc062723c751e8b465ee728b)
Start importing Assets/Hovl Studio/Magic effects pack/Textures/Concrete slab_Normal.png using Guid(3a0dde7201a17f646865e8deeac56596) Importer(815301076,1909f56bfc062723c751e8b465ee728b) (PreviewImporter) -> (artifact id: 'c50495770d45a3d85dfe92eeb3128880') in 0.0166918 seconds
Number of updated asset objects reloaded before import = 0Number of asset objects unloaded after import = 2

========================================================================
Received Import Request.
  Time since last request: 0.000021 seconds.
  path: Assets/Hovl Studio/Magic effects pack/Materials/Mask1.mat
  artifactKey: Guid(96d60590d2a3f0143a9a84d4568d9de8) Importer(815301076,1909f56bfc062723c751e8b465ee728b)
Start importing Assets/Hovl Studio/Magic effects pack/Materials/Mask1.mat using Guid(96d60590d2a3f0143a9a84d4568d9de8) Importer(815301076,1909f56bfc062723c751e8b465ee728b) (PreviewImporter) -> (artifact id: 'fa272f2cac8ee76bd22af49347eeb202') in 0.5328375 seconds
Number of updated asset objects reloaded before import = 0Number of asset objects unloaded after import = 2

========================================================================
Received Prepare
Begin MonoManager ReloadAssembly
[Licensing::Client] Successfully resolved entitlement details
[Licensing::Module] License group:
  Id: F4-UXBJ-HKKJ-KHXC-GWNW-XXXX
  Product: Unity Personal
  Type: ULF
  Expiration: Unlimited
[Licensing::Module] License group:
  Id: 6483514-UnityPersXXXX
  Product: Unity Personal
  Type: Assigned
  Expiration: Unlimited
- Loaded All Assemblies, in  0.845 seconds
Refreshing native plugins compatible for Editor in 1.85 ms, found 3 plugins.
Native extension for Android target not found
Native extension for WindowsStandalone target not found
[Package Manager] Failed to launch server process. Reason: Unity was launched with the -noUpm command-line argument
[Package Manager] Unable to send message (not connected to server process).
[Package Manager] Cannot connect to Unity Package Manager local server
Mono: successfully reloaded assembly
- Finished resetting the current domain, in  0.773 seconds
Domain Reload Profiling: 1615ms
	BeginReloadAssembly (268ms)
		ExecutionOrderSort (0ms)
		DisableScriptedObjects (30ms)
		BackupInstance (0ms)
		ReleaseScriptingObjects (0ms)
		CreateAndSetChildDomain (71ms)
	RebuildCommonClasses (48ms)
	RebuildNativeTypeToScriptingClass (13ms)
	initialDomainReloadingComplete (34ms)
	LoadAllAssembliesAndSetupDomain (480ms)
		LoadAssemblies (397ms)
		RebuildTransferFunctionScriptingTraits (0ms)
		AnalyzeDomain (190ms)
			TypeCache.Refresh (7ms)
				TypeCache.ScanAssembly (0ms)
			BuildScriptInfoCaches (167ms)
			ResolveRequiredComponents (12ms)
	FinalizeReload (773ms)
		ReleaseScriptCaches (0ms)
		RebuildScriptCaches (0ms)
		SetupLoadedEditorAssemblies (568ms)
			LogAssemblyErrors (0ms)
			InitializePlatformSupportModulesInManaged (12ms)
			SetLoadedEditorAssemblies (6ms)
			BeforeProcessingInitializeOnLoad (182ms)
			ProcessInitializeOnLoadAttributes (310ms)
			ProcessInitializeOnLoadMethodAttributes (47ms)
			AfterProcessingInitializeOnLoad (10ms)
			EditorAssembliesLoaded (0ms)
		ExecutionOrderSort2 (0ms)
		AwakeInstancesAfterBackupRestoration (18ms)
Refreshing native plugins compatible for Editor in 1.99 ms, found 3 plugins.
Preloading 0 native plugins for Editor in 0.00 ms.
Unloading 13 Unused Serialized files (Serialized files now loaded: 0)
Unloading 6160 unused Assets / (4.5 MB). Loaded Objects now: 7064.
Memory consumption went from 145.9 MB to 141.4 MB.
Total: 10.822700 ms (FindLiveObjects: 1.233800 ms CreateObjectMapping: 1.378300 ms MarkObjects: 5.334400 ms  DeleteObjects: 2.875200 ms)

Prepare: number of updated asset objects reloaded= 0
========================================================================
Received Prepare
Begin MonoManager ReloadAssembly
- Loaded All Assemblies, in  0.662 seconds
Refreshing native plugins compatible for Editor in 1.09 ms, found 3 plugins.
Native extension for Android target not found
Native extension for WindowsStandalone target not found
[Package Manager] Failed to launch server process. Reason: Unity was launched with the -noUpm command-line argument
[Package Manager] Unable to send message (not connected to server process).
[Package Manager] Cannot connect to Unity Package Manager local server
Mono: successfully reloaded assembly
- Finished resetting the current domain, in  0.619 seconds
Domain Reload Profiling: 1278ms
	BeginReloadAssembly (191ms)
		ExecutionOrderSort (0ms)
		DisableScriptedObjects (6ms)
		BackupInstance (0ms)
		ReleaseScriptingObjects (0ms)
		CreateAndSetChildDomain (46ms)
	RebuildCommonClasses (30ms)
	RebuildNativeTypeToScriptingClass (10ms)
	initialDomainReloadingComplete (28ms)
	LoadAllAssembliesAndSetupDomain (399ms)
		LoadAssemblies (325ms)
		RebuildTransferFunctionScriptingTraits (0ms)
		AnalyzeDomain (159ms)
			TypeCache.Refresh (6ms)
				TypeCache.ScanAssembly (0ms)
			BuildScriptInfoCaches (138ms)
			ResolveRequiredComponents (10ms)
	FinalizeReload (619ms)
		ReleaseScriptCaches (0ms)
		RebuildScriptCaches (0ms)
		SetupLoadedEditorAssemblies (473ms)
			LogAssemblyErrors (0ms)
			InitializePlatformSupportModulesInManaged (9ms)
			SetLoadedEditorAssemblies (4ms)
			BeforeProcessingInitializeOnLoad (125ms)
			ProcessInitializeOnLoadAttributes (282ms)
			ProcessInitializeOnLoadMethodAttributes (44ms)
			AfterProcessingInitializeOnLoad (8ms)
			EditorAssembliesLoaded (0ms)
		ExecutionOrderSort2 (0ms)
		AwakeInstancesAfterBackupRestoration (15ms)
Refreshing native plugins compatible for Editor in 2.06 ms, found 3 plugins.
Preloading 0 native plugins for Editor in 0.00 ms.
Unloading 13 Unused Serialized files (Serialized files now loaded: 0)
Unloading 6160 unused Assets / (4.3 MB). Loaded Objects now: 7067.
Memory consumption went from 145.8 MB to 141.5 MB.
Total: 11.613800 ms (FindLiveObjects: 0.747600 ms CreateObjectMapping: 0.750300 ms MarkObjects: 6.001200 ms  DeleteObjects: 4.113500 ms)

Prepare: number of updated asset objects reloaded= 0
========================================================================
Received Prepare
Begin MonoManager ReloadAssembly
[Licensing::Client] Successfully resolved entitlement details
[Licensing::Module] License group:
  Id: F4-UXBJ-HKKJ-KHXC-GWNW-XXXX
  Product: Unity Personal
  Type: ULF
  Expiration: Unlimited
[Licensing::Module] License group:
  Id: 6483514-UnityPersXXXX
  Product: Unity Personal
  Type: Assigned
  Expiration: Unlimited
- Loaded All Assemblies, in  1.294 seconds
Refreshing native plugins compatible for Editor in 2.66 ms, found 3 plugins.
Native extension for Android target not found
Native extension for WindowsStandalone target not found
[Package Manager] Failed to launch server process. Reason: Unity was launched with the -noUpm command-line argument
[Package Manager] Unable to send message (not connected to server process).
[Package Manager] Cannot connect to Unity Package Manager local server
Mono: successfully reloaded assembly
- Finished resetting the current domain, in  1.036 seconds
Domain Reload Profiling: 2328ms
	BeginReloadAssembly (512ms)
		ExecutionOrderSort (0ms)
		DisableScriptedObjects (41ms)
		BackupInstance (0ms)
		ReleaseScriptingObjects (1ms)
		CreateAndSetChildDomain (153ms)
	RebuildCommonClasses (52ms)
	RebuildNativeTypeToScriptingClass (16ms)
	initialDomainReloadingComplete (41ms)
	LoadAllAssembliesAndSetupDomain (671ms)
		LoadAssemblies (595ms)
		RebuildTransferFunctionScriptingTraits (0ms)
		AnalyzeDomain (225ms)
			TypeCache.Refresh (8ms)
				TypeCache.ScanAssembly (0ms)
			BuildScriptInfoCaches (198ms)
			ResolveRequiredComponents (12ms)
	FinalizeReload (1036ms)
		ReleaseScriptCaches (0ms)
		RebuildScriptCaches (0ms)
		SetupLoadedEditorAssemblies (806ms)
			LogAssemblyErrors (0ms)
			InitializePlatformSupportModulesInManaged (16ms)
			SetLoadedEditorAssemblies (5ms)
			BeforeProcessingInitializeOnLoad (184ms)
			ProcessInitializeOnLoadAttributes (501ms)
			ProcessInitializeOnLoadMethodAttributes (91ms)
			AfterProcessingInitializeOnLoad (9ms)
			EditorAssembliesLoaded (1ms)
		ExecutionOrderSort2 (0ms)
		AwakeInstancesAfterBackupRestoration (24ms)
Refreshing native plugins compatible for Editor in 3.97 ms, found 3 plugins.
Preloading 0 native plugins for Editor in 0.00 ms.
Unloading 13 Unused Serialized files (Serialized files now loaded: 0)
Unloading 6160 unused Assets / (4.6 MB). Loaded Objects now: 7070.
Memory consumption went from 145.8 MB to 141.2 MB.
Total: 12.882100 ms (FindLiveObjects: 0.782800 ms CreateObjectMapping: 1.119600 ms MarkObjects: 7.046900 ms  DeleteObjects: 3.931500 ms)

Prepare: number of updated asset objects reloaded= 0
========================================================================
Received Import Request.
  Time since last request: 6596.811952 seconds.
  path: Assets/Phillip Script/Tile Puzzle/LightTilesPuzzle.cs
  artifactKey: Guid(78b1369dedb580b438bfa8a9656b1958) Importer(2089858483,192608db42251d675da83286b1cce702)
Start importing Assets/Phillip Script/Tile Puzzle/LightTilesPuzzle.cs using Guid(78b1369dedb580b438bfa8a9656b1958) Importer(2089858483,192608db42251d675da83286b1cce702) (ScriptedImporter) -> (artifact id: '7324e51d9e677eac80ae37564368f03c') in 0.2182989 seconds
Number of updated asset objects reloaded before import = 0Number of asset objects unloaded after import = 0

========================================================================
Received Import Request.
  Time since last request: 2.515623 seconds.
  path: Assets/New Material.mat
  artifactKey: Guid(1ad5ddbf2db528b4ea0bedcf2f9216db) Importer(815301076,1909f56bfc062723c751e8b465ee728b)
Start importing Assets/New Material.mat using Guid(1ad5ddbf2db528b4ea0bedcf2f9216db) Importer(815301076,1909f56bfc062723c751e8b465ee728b) (PreviewImporter) -> (artifact id: 'f2210c176ef3d99c7fc34ec2d1bf222d') in 0.6674099 seconds
Number of updated asset objects reloaded before import = 0Number of asset objects unloaded after import = 1

========================================================================
Received Import Request.
  Time since last request: 2.105944 seconds.
  path: Assets/New Material.mat
  artifactKey: Guid(1ad5ddbf2db528b4ea0bedcf2f9216db) Importer(2089858483,192608db42251d675da83286b1cce702)
Start importing Assets/New Material.mat using Guid(1ad5ddbf2db528b4ea0bedcf2f9216db) Importer(2089858483,192608db42251d675da83286b1cce702) (ScriptedImporter) -> (artifact id: 'b14191f6d59385067825296a126146d0') in 0.0455771 seconds
Number of updated asset objects reloaded before import = 0Number of asset objects unloaded after import = 1

========================================================================
Received Import Request.
  Time since last request: 2.960092 seconds.
  path: Assets/Tile Glow.mat
  artifactKey: Guid(1ad5ddbf2db528b4ea0bedcf2f9216db) Importer(815301076,1909f56bfc062723c751e8b465ee728b)
Start importing Assets/Tile Glow.mat using Guid(1ad5ddbf2db528b4ea0bedcf2f9216db) Importer(815301076,1909f56bfc062723c751e8b465ee728b) (PreviewImporter) -> (artifact id: '48c09bde3002e3bea046e50f77f249c9') in 0.0224775 seconds
Number of updated asset objects reloaded before import = 0Number of asset objects unloaded after import = 1

========================================================================
Received Import Request.
  Time since last request: 0.870668 seconds.
  path: Assets/Tile Glow.mat
  artifactKey: Guid(1ad5ddbf2db528b4ea0bedcf2f9216db) Importer(2089858483,192608db42251d675da83286b1cce702)
Start importing Assets/Tile Glow.mat using Guid(1ad5ddbf2db528b4ea0bedcf2f9216db) Importer(2089858483,192608db42251d675da83286b1cce702) (ScriptedImporter) -> (artifact id: '62466c9a0210f3a26426e6698695838f') in 0.0244216 seconds
Number of updated asset objects reloaded before import = 0Number of asset objects unloaded after import = 1

========================================================================
Received Prepare
Begin MonoManager ReloadAssembly
[Licensing::Client] Successfully resolved entitlement details
[Licensing::Module] License group:
  Id: F4-UXBJ-HKKJ-KHXC-GWNW-XXXX
  Product: Unity Personal
  Type: ULF
  Expiration: Unlimited
[Licensing::Module] License group:
  Id: 6483514-UnityPersXXXX
  Product: Unity Personal
  Type: Assigned
  Expiration: Unlimited
- Loaded All Assemblies, in  1.114 seconds
Refreshing native plugins compatible for Editor in 1.71 ms, found 3 plugins.
Native extension for Android target not found
Native extension for WindowsStandalone target not found
[Package Manager] Failed to launch server process. Reason: Unity was launched with the -noUpm command-line argument
[Package Manager] Unable to send message (not connected to server process).
[Package Manager] Cannot connect to Unity Package Manager local server
Mono: successfully reloaded assembly
- Finished resetting the current domain, in  1.342 seconds
Domain Reload Profiling: 2451ms
	BeginReloadAssembly (323ms)
		ExecutionOrderSort (0ms)
		DisableScriptedObjects (26ms)
		BackupInstance (0ms)
		ReleaseScriptingObjects (0ms)
		CreateAndSetChildDomain (84ms)
	RebuildCommonClasses (41ms)
	RebuildNativeTypeToScriptingClass (13ms)
	initialDomainReloadingComplete (32ms)
	LoadAllAssembliesAndSetupDomain (699ms)
		LoadAssemblies (616ms)
		RebuildTransferFunctionScriptingTraits (0ms)
		AnalyzeDomain (223ms)
			TypeCache.Refresh (7ms)
				TypeCache.ScanAssembly (0ms)
			BuildScriptInfoCaches (196ms)
			ResolveRequiredComponents (14ms)
	FinalizeReload (1343ms)
		ReleaseScriptCaches (0ms)
		RebuildScriptCaches (0ms)
		SetupLoadedEditorAssemblies (1107ms)
			LogAssemblyErrors (0ms)
			InitializePlatformSupportModulesInManaged (14ms)
			SetLoadedEditorAssemblies (5ms)
			BeforeProcessingInitializeOnLoad (185ms)
			ProcessInitializeOnLoadAttributes (503ms)
			ProcessInitializeOnLoadMethodAttributes (387ms)
			AfterProcessingInitializeOnLoad (14ms)
			EditorAssembliesLoaded (0ms)
		ExecutionOrderSort2 (0ms)
		AwakeInstancesAfterBackupRestoration (25ms)
Refreshing native plugins compatible for Editor in 2.09 ms, found 3 plugins.
Preloading 0 native plugins for Editor in 0.00 ms.
Unloading 13 Unused Serialized files (Serialized files now loaded: 0)
Unloading 6161 unused Assets / (4.8 MB). Loaded Objects now: 7093.
Memory consumption went from 146.0 MB to 141.3 MB.
Total: 10.816000 ms (FindLiveObjects: 0.850900 ms CreateObjectMapping: 0.674200 ms MarkObjects: 5.628700 ms  DeleteObjects: 3.661100 ms)

Prepare: number of updated asset objects reloaded= 0
========================================================================
Received Import Request.
  Time since last request: 207.277068 seconds.
  path: Packages/com.unity.render-pipelines.universal/Runtime/Materials/Decal.mat
  artifactKey: Guid(31d0dcc6f2dd4e4408d18036a2c93862) Importer(815301076,1909f56bfc062723c751e8b465ee728b)
Start importing Packages/com.unity.render-pipelines.universal/Runtime/Materials/Decal.mat using Guid(31d0dcc6f2dd4e4408d18036a2c93862) Importer(815301076,1909f56bfc062723c751e8b465ee728b) (PreviewImporter) -> (artifact id: '444a26f7d6b5020586142dfd4dd5b740') in 0.7551499 seconds
Number of updated asset objects reloaded before import = 0Number of asset objects unloaded after import = 0

========================================================================
Received Import Request.
  Time since last request: 0.000044 seconds.
  path: Packages/com.unity.render-pipelines.universal/Runtime/Materials/SpatialMappingOcclusion.mat
  artifactKey: Guid(b51db210fe78df745a372851b3db949e) Importer(815301076,1909f56bfc062723c751e8b465ee728b)
Start importing Packages/com.unity.render-pipelines.universal/Runtime/Materials/SpatialMappingOcclusion.mat using Guid(b51db210fe78df745a372851b3db949e) Importer(815301076,1909f56bfc062723c751e8b465ee728b) (PreviewImporter) -> (artifact id: '0cd6693f6585c74cfc27b336eec27063') in 0.0187693 seconds
Number of updated asset objects reloaded before import = 0Number of asset objects unloaded after import = 1

========================================================================
Received Import Request.
  Time since last request: 0.000043 seconds.
  path: Packages/com.unity.render-pipelines.universal/Runtime/Materials/TerrainLit.mat
  artifactKey: Guid(594ea882c5a793440b60ff72d896021e) Importer(815301076,1909f56bfc062723c751e8b465ee728b)
Start importing Packages/com.unity.render-pipelines.universal/Runtime/Materials/TerrainLit.mat using Guid(594ea882c5a793440b60ff72d896021e) Importer(815301076,1909f56bfc062723c751e8b465ee728b) (PreviewImporter) -> (artifact id: '4432ef44e8674e97aec422c548ea2e34') in 6.9621947 seconds
Number of updated asset objects reloaded before import = 0Number of asset objects unloaded after import = 0

========================================================================
Received Import Request.
  Time since last request: 734.177001 seconds.
  path: Assets/Tile Glow.mat
  artifactKey: Guid(1ad5ddbf2db528b4ea0bedcf2f9216db) Importer(815301076,1909f56bfc062723c751e8b465ee728b)
Start importing Assets/Tile Glow.mat using Guid(1ad5ddbf2db528b4ea0bedcf2f9216db) Importer(815301076,1909f56bfc062723c751e8b465ee728b) (PreviewImporter) -> (artifact id: '392ee58e12331330a6c19a9d3b0bbb70') in 3.4836878 seconds
Number of updated asset objects reloaded before import = 0Number of asset objects unloaded after import = 1

========================================================================
Received Prepare
Begin MonoManager ReloadAssembly
[Licensing::Client] Successfully resolved entitlement details
[Licensing::Module] License group:
  Id: F4-UXBJ-HKKJ-KHXC-GWNW-XXXX
  Product: Unity Personal
  Type: ULF
  Expiration: Unlimited
[Licensing::Module] License group:
  Id: 6483514-UnityPersXXXX
  Product: Unity Personal
  Type: Assigned
  Expiration: Unlimited
- Loaded All Assemblies, in  3.187 seconds
Refreshing native plugins compatible for Editor in 1.71 ms, found 3 plugins.
Native extension for Android target not found
Native extension for WindowsStandalone target not found
[Package Manager] Failed to launch server process. Reason: Unity was launched with the -noUpm command-line argument
[Package Manager] Unable to send message (not connected to server process).
[Package Manager] Cannot connect to Unity Package Manager local server
Mono: successfully reloaded assembly
- Finished resetting the current domain, in  0.928 seconds
Domain Reload Profiling: 4116ms
	BeginReloadAssembly (610ms)
		ExecutionOrderSort (0ms)
		DisableScriptedObjects (70ms)
		BackupInstance (0ms)
		ReleaseScriptingObjects (1ms)
		CreateAndSetChildDomain (115ms)
	RebuildCommonClasses (126ms)
	RebuildNativeTypeToScriptingClass (13ms)
	initialDomainReloadingComplete (36ms)
	LoadAllAssembliesAndSetupDomain (2402ms)
		LoadAssemblies (2394ms)
		RebuildTransferFunctionScriptingTraits (0ms)
		AnalyzeDomain (333ms)
			TypeCache.Refresh (9ms)
				TypeCache.ScanAssembly (0ms)
			BuildScriptInfoCaches (305ms)
			ResolveRequiredComponents (12ms)
	FinalizeReload (928ms)
		ReleaseScriptCaches (0ms)
		RebuildScriptCaches (0ms)
		SetupLoadedEditorAssemblies (714ms)
			LogAssemblyErrors (0ms)
			InitializePlatformSupportModulesInManaged (13ms)
			SetLoadedEditorAssemblies (6ms)
			BeforeProcessingInitializeOnLoad (191ms)
			ProcessInitializeOnLoadAttributes (425ms)
			ProcessInitializeOnLoadMethodAttributes (67ms)
			AfterProcessingInitializeOnLoad (11ms)
			EditorAssembliesLoaded (1ms)
		ExecutionOrderSort2 (0ms)
		AwakeInstancesAfterBackupRestoration (20ms)
Refreshing native plugins compatible for Editor in 2.41 ms, found 3 plugins.
Preloading 0 native plugins for Editor in 0.00 ms.
Unloading 13 Unused Serialized files (Serialized files now loaded: 0)
Unloading 6161 unused Assets / (4.0 MB). Loaded Objects now: 7116.
Memory consumption went from 146.1 MB to 142.1 MB.
Total: 8.399800 ms (FindLiveObjects: 0.767900 ms CreateObjectMapping: 0.406900 ms MarkObjects: 5.040000 ms  DeleteObjects: 2.184100 ms)

Prepare: number of updated asset objects reloaded= 0
========================================================================
Received Prepare
Refreshing native plugins compatible for Editor in 1.86 ms, found 3 plugins.
Preloading 0 native plugins for Editor in 0.00 ms.
Unloading 13 Unused Serialized files (Serialized files now loaded: 0)
Unloading 6153 unused Assets / (4.3 MB). Loaded Objects now: 7116.
Memory consumption went from 146.1 MB to 141.8 MB.
Total: 10.194600 ms (FindLiveObjects: 1.219900 ms CreateObjectMapping: 0.832900 ms MarkObjects: 5.273400 ms  DeleteObjects: 2.867600 ms)

Prepare: number of updated asset objects reloaded= 0
========================================================================
Received Import Request.
  Time since last request: 40839.291198 seconds.
  path: Assets/Phillip Script/Tile Puzzle/LightTile.cs
  artifactKey: Guid(88c50b2689e3a1f45b3cdeb1d165a84a) Importer(815301076,1909f56bfc062723c751e8b465ee728b)
Start importing Assets/Phillip Script/Tile Puzzle/LightTile.cs using Guid(88c50b2689e3a1f45b3cdeb1d165a84a) Importer(815301076,1909f56bfc062723c751e8b465ee728b) (PreviewImporter) -> (artifact id: '75bc2644b3f83c49cb67f75bee682f0b') in 0.0035212 seconds
Number of updated asset objects reloaded before import = 0Number of asset objects unloaded after import = 0

========================================================================
Received Prepare
Refreshing native plugins compatible for Editor in 2.19 ms, found 3 plugins.
Preloading 0 native plugins for Editor in 0.00 ms.
Unloading 13 Unused Serialized files (Serialized files now loaded: 0)
Unloading 6153 unused Assets / (4.1 MB). Loaded Objects now: 7116.
Memory consumption went from 146.1 MB to 142.0 MB.
Total: 10.159700 ms (FindLiveObjects: 0.754000 ms CreateObjectMapping: 0.664000 ms MarkObjects: 6.213400 ms  DeleteObjects: 2.527200 ms)

Prepare: number of updated asset objects reloaded= 0
========================================================================
Received Import Request.
  Time since last request: 28.212511 seconds.
  path: Assets/Phillip Script/Tile Puzzle/LightTilesPuzzle.cs
  artifactKey: Guid(78b1369dedb580b438bfa8a9656b1958) Importer(815301076,1909f56bfc062723c751e8b465ee728b)
Start importing Assets/Phillip Script/Tile Puzzle/LightTilesPuzzle.cs using Guid(78b1369dedb580b438bfa8a9656b1958) Importer(815301076,1909f56bfc062723c751e8b465ee728b) (PreviewImporter) -> (artifact id: 'b5e2f2ddfb82a50131420a652925ef74') in 0.0010387 seconds
Number of updated asset objects reloaded before import = 0Number of asset objects unloaded after import = 0

========================================================================
Received Prepare
Begin MonoManager ReloadAssembly
[Licensing::Client] Successfully resolved entitlement details
[Licensing::Module] License group:
  Id: F4-UXBJ-HKKJ-KHXC-GWNW-XXXX
  Product: Unity Personal
  Type: ULF
  Expiration: Unlimited
[Licensing::Module] License group:
  Id: 6483514-UnityPersXXXX
  Product: Unity Personal
  Type: Assigned
  Expiration: Unlimited
- Loaded All Assemblies, in  0.787 seconds
Refreshing native plugins compatible for Editor in 1.34 ms, found 3 plugins.
Native extension for Android target not found
Native extension for WindowsStandalone target not found
[Package Manager] Failed to launch server process. Reason: Unity was launched with the -noUpm command-line argument
[Package Manager] Unable to send message (not connected to server process).
[Package Manager] Cannot connect to Unity Package Manager local server
Mono: successfully reloaded assembly
- Finished resetting the current domain, in  0.762 seconds
Domain Reload Profiling: 1549ms
	BeginReloadAssembly (217ms)
		ExecutionOrderSort (0ms)
		DisableScriptedObjects (6ms)
		BackupInstance (0ms)
		ReleaseScriptingObjects (0ms)
		CreateAndSetChildDomain (51ms)
	RebuildCommonClasses (42ms)
	RebuildNativeTypeToScriptingClass (15ms)
	initialDomainReloadingComplete (43ms)
	LoadAllAssembliesAndSetupDomain (467ms)
		LoadAssemblies (370ms)
		RebuildTransferFunctionScriptingTraits (0ms)
		AnalyzeDomain (195ms)
			TypeCache.Refresh (12ms)
				TypeCache.ScanAssembly (0ms)
			BuildScriptInfoCaches (169ms)
			ResolveRequiredComponents (10ms)
	FinalizeReload (765ms)
		ReleaseScriptCaches (0ms)
		RebuildScriptCaches (0ms)
		SetupLoadedEditorAssemblies (598ms)
			LogAssemblyErrors (0ms)
			InitializePlatformSupportModulesInManaged (12ms)
			SetLoadedEditorAssemblies (4ms)
			BeforeProcessingInitializeOnLoad (173ms)
			ProcessInitializeOnLoadAttributes (341ms)
			ProcessInitializeOnLoadMethodAttributes (56ms)
			AfterProcessingInitializeOnLoad (11ms)
			EditorAssembliesLoaded (0ms)
		ExecutionOrderSort2 (0ms)
		AwakeInstancesAfterBackupRestoration (18ms)
Refreshing native plugins compatible for Editor in 1.46 ms, found 3 plugins.
Preloading 0 native plugins for Editor in 0.00 ms.
Unloading 13 Unused Serialized files (Serialized files now loaded: 0)
Unloading 6160 unused Assets / (5.0 MB). Loaded Objects now: 7119.
Memory consumption went from 146.0 MB to 141.0 MB.
Total: 11.147200 ms (FindLiveObjects: 0.727700 ms CreateObjectMapping: 0.730100 ms MarkObjects: 6.497400 ms  DeleteObjects: 3.190400 ms)

Prepare: number of updated asset objects reloaded= 0
========================================================================
Received Import Request.
  Time since last request: 11.841202 seconds.
  path: Assets/Phillip Script/Tile Puzzle/LightTilesPuzzle.cs
  artifactKey: Guid(78b1369dedb580b438bfa8a9656b1958) Importer(815301076,1909f56bfc062723c751e8b465ee728b)
Start importing Assets/Phillip Script/Tile Puzzle/LightTilesPuzzle.cs using Guid(78b1369dedb580b438bfa8a9656b1958) Importer(815301076,1909f56bfc062723c751e8b465ee728b) (PreviewImporter) -> (artifact id: '511e9a74cd1f2bcbac0588944a131830') in 0.0023698 seconds
Number of updated asset objects reloaded before import = 0Number of asset objects unloaded after import = 0

========================================================================
Received Import Request.
  Time since last request: 7.736702 seconds.
  path: Assets/Tile Glow.mat
  artifactKey: Guid(1ad5ddbf2db528b4ea0bedcf2f9216db) Importer(2089858483,192608db42251d675da83286b1cce702)
Start importing Assets/Tile Glow.mat using Guid(1ad5ddbf2db528b4ea0bedcf2f9216db) Importer(2089858483,192608db42251d675da83286b1cce702) (ScriptedImporter) -> (artifact id: '1c7f3fb52f4fed9e5bebf80ca4c43f49') in 0.182461 seconds
Number of updated asset objects reloaded before import = 0Number of asset objects unloaded after import = 1

========================================================================
Received Import Request.
  Time since last request: 0.000018 seconds.
  path: Assets/Phillip Script/Tile Puzzle/LightTilesPuzzle.cs
  artifactKey: Guid(78b1369dedb580b438bfa8a9656b1958) Importer(2089858483,192608db42251d675da83286b1cce702)
Start importing Assets/Phillip Script/Tile Puzzle/LightTilesPuzzle.cs using Guid(78b1369dedb580b438bfa8a9656b1958) Importer(2089858483,192608db42251d675da83286b1cce702) (ScriptedImporter) -> (artifact id: '80b1f64b84bcf16902bf62c9bbb6ad71') in 0.0201225 seconds
Number of updated asset objects reloaded before import = 0Number of asset objects unloaded after import = 0

========================================================================
Received Prepare
Refreshing native plugins compatible for Editor in 2.54 ms, found 3 plugins.
Preloading 0 native plugins for Editor in 0.00 ms.
Unloading 13 Unused Serialized files (Serialized files now loaded: 0)
Unloading 6155 unused Assets / (4.1 MB). Loaded Objects now: 7120.
Memory consumption went from 146.2 MB to 142.1 MB.
Total: 8.708300 ms (FindLiveObjects: 0.745700 ms CreateObjectMapping: 0.368200 ms MarkObjects: 5.027700 ms  DeleteObjects: 2.565700 ms)

Prepare: number of updated asset objects reloaded= 0
========================================================================
Received Import Request.
  Time since last request: 167.219355 seconds.
  path: Assets/Phillip Script/Tile Puzzle/RevealOnSolved.cs
  artifactKey: Guid(73620bf7559d59445be2700b83cca539) Importer(815301076,1909f56bfc062723c751e8b465ee728b)
Start importing Assets/Phillip Script/Tile Puzzle/RevealOnSolved.cs using Guid(73620bf7559d59445be2700b83cca539) Importer(815301076,1909f56bfc062723c751e8b465ee728b) (PreviewImporter) -> (artifact id: '7eca3668a0058bcadd740410dd565583') in 0.0013235 seconds
Number of updated asset objects reloaded before import = 0Number of asset objects unloaded after import = 0

========================================================================
Received Import Request.
  Time since last request: 0.503501 seconds.
  path: Assets/Phillip Script/Tile Puzzle/RevealOnSolved.cs
  artifactKey: Guid(73620bf7559d59445be2700b83cca539) Importer(2089858483,192608db42251d675da83286b1cce702)
Start importing Assets/Phillip Script/Tile Puzzle/RevealOnSolved.cs using Guid(73620bf7559d59445be2700b83cca539) Importer(2089858483,192608db42251d675da83286b1cce702) (ScriptedImporter) -> (artifact id: 'f777c25ddf895a485cafb05c9e195ba3') in 0.0159311 seconds
Number of updated asset objects reloaded before import = 0Number of asset objects unloaded after import = 0

========================================================================
Received Prepare
Begin MonoManager ReloadAssembly
[Licensing::Client] Successfully resolved entitlement details
[Licensing::Module] License group:
  Id: F4-UXBJ-HKKJ-KHXC-GWNW-XXXX
  Product: Unity Personal
  Type: ULF
  Expiration: Unlimited
[Licensing::Module] License group:
  Id: 6483514-UnityPersXXXX
  Product: Unity Personal
  Type: Assigned
  Expiration: Unlimited
- Loaded All Assemblies, in  0.730 seconds
Refreshing native plugins compatible for Editor in 1.24 ms, found 3 plugins.
Native extension for Android target not found
Native extension for WindowsStandalone target not found
[Package Manager] Failed to launch server process. Reason: Unity was launched with the -noUpm command-line argument
[Package Manager] Unable to send message (not connected to server process).
[Package Manager] Cannot connect to Unity Package Manager local server
Mono: successfully reloaded assembly
- Finished resetting the current domain, in  0.775 seconds
Domain Reload Profiling: 1501ms
	BeginReloadAssembly (237ms)
		ExecutionOrderSort (0ms)
		DisableScriptedObjects (13ms)
		BackupInstance (0ms)
		ReleaseScriptingObjects (0ms)
		CreateAndSetChildDomain (64ms)
	RebuildCommonClasses (34ms)
	RebuildNativeTypeToScriptingClass (13ms)
	initialDomainReloadingComplete (31ms)
	LoadAllAssembliesAndSetupDomain (411ms)
		LoadAssemblies (338ms)
		RebuildTransferFunctionScriptingTraits (0ms)
		AnalyzeDomain (169ms)
			TypeCache.Refresh (8ms)
				TypeCache.ScanAssembly (0ms)
			BuildScriptInfoCaches (147ms)
			ResolveRequiredComponents (9ms)
	FinalizeReload (775ms)
		ReleaseScriptCaches (0ms)
		RebuildScriptCaches (0ms)
		SetupLoadedEditorAssemblies (623ms)
			LogAssemblyErrors (0ms)
			InitializePlatformSupportModulesInManaged (10ms)
			SetLoadedEditorAssemblies (4ms)
			BeforeProcessingInitializeOnLoad (234ms)
			ProcessInitializeOnLoadAttributes (319ms)
			ProcessInitializeOnLoadMethodAttributes (47ms)
			AfterProcessingInitializeOnLoad (8ms)
			EditorAssembliesLoaded (0ms)
		ExecutionOrderSort2 (0ms)
		AwakeInstancesAfterBackupRestoration (13ms)
Refreshing native plugins compatible for Editor in 1.66 ms, found 3 plugins.
Preloading 0 native plugins for Editor in 0.00 ms.
Unloading 13 Unused Serialized files (Serialized files now loaded: 0)
Unloading 6161 unused Assets / (4.5 MB). Loaded Objects now: 7123.
Memory consumption went from 146.0 MB to 141.6 MB.
Total: 8.694200 ms (FindLiveObjects: 0.800500 ms CreateObjectMapping: 0.370600 ms MarkObjects: 4.449700 ms  DeleteObjects: 3.072700 ms)

Prepare: number of updated asset objects reloaded= 0
========================================================================
Received Import Request.
  Time since last request: 8.133244 seconds.
  path: Assets/Phillip Script/Tile Puzzle/RevealOnSolved.cs
  artifactKey: Guid(73620bf7559d59445be2700b83cca539) Importer(815301076,1909f56bfc062723c751e8b465ee728b)
Start importing Assets/Phillip Script/Tile Puzzle/RevealOnSolved.cs using Guid(73620bf7559d59445be2700b83cca539) Importer(815301076,1909f56bfc062723c751e8b465ee728b) (PreviewImporter) -> (artifact id: 'db79fa9957430dff2d47714f17e6b54d') in 0.0023075 seconds
Number of updated asset objects reloaded before import = 0Number of asset objects unloaded after import = 0

========================================================================
Received Prepare
Refreshing native plugins compatible for Editor in 1.77 ms, found 3 plugins.
Preloading 0 native plugins for Editor in 0.00 ms.
Unloading 13 Unused Serialized files (Serialized files now loaded: 0)
Unloading 6154 unused Assets / (4.4 MB). Loaded Objects now: 7123.
Memory consumption went from 146.2 MB to 141.8 MB.
Total: 12.083700 ms (FindLiveObjects: 1.551500 ms CreateObjectMapping: 1.545100 ms MarkObjects: 5.844300 ms  DeleteObjects: 3.141900 ms)

Prepare: number of updated asset objects reloaded= 0
========================================================================
Received Import Request.
  Time since last request: 5.127112 seconds.
  path: Assets/Phillip Script/Tile Puzzle/RevealOnSolved.cs
  artifactKey: Guid(73620bf7559d59445be2700b83cca539) Importer(815301076,1909f56bfc062723c751e8b465ee728b)
Start importing Assets/Phillip Script/Tile Puzzle/RevealOnSolved.cs using Guid(73620bf7559d59445be2700b83cca539) Importer(815301076,1909f56bfc062723c751e8b465ee728b) (PreviewImporter) -> (artifact id: 'c187f85e798dba9d4c76ca8d3b22bb64') in 0.0009562 seconds
Number of updated asset objects reloaded before import = 0Number of asset objects unloaded after import = 0

========================================================================
Received Prepare
Begin MonoManager ReloadAssembly
- Loaded All Assemblies, in  0.735 seconds
Refreshing native plugins compatible for Editor in 1.18 ms, found 3 plugins.
Native extension for Android target not found
Native extension for WindowsStandalone target not found
[Package Manager] Failed to launch server process. Reason: Unity was launched with the -noUpm command-line argument
[Package Manager] Unable to send message (not connected to server process).
[Package Manager] Cannot connect to Unity Package Manager local server
Mono: successfully reloaded assembly
- Finished resetting the current domain, in  0.774 seconds
Domain Reload Profiling: 1507ms
	BeginReloadAssembly (216ms)
		ExecutionOrderSort (0ms)
		DisableScriptedObjects (5ms)
		BackupInstance (0ms)
		ReleaseScriptingObjects (0ms)
		CreateAndSetChildDomain (59ms)
	RebuildCommonClasses (37ms)
	RebuildNativeTypeToScriptingClass (14ms)
	initialDomainReloadingComplete (32ms)
	LoadAllAssembliesAndSetupDomain (432ms)
		LoadAssemblies (357ms)
		RebuildTransferFunctionScriptingTraits (0ms)
		AnalyzeDomain (167ms)
			TypeCache.Refresh (8ms)
				TypeCache.ScanAssembly (0ms)
			BuildScriptInfoCaches (145ms)
			ResolveRequiredComponents (9ms)
	FinalizeReload (774ms)
		ReleaseScriptCaches (0ms)
		RebuildScriptCaches (0ms)
		SetupLoadedEditorAssemblies (586ms)
			LogAssemblyErrors (0ms)
			InitializePlatformSupportModulesInManaged (22ms)
			SetLoadedEditorAssemblies (15ms)
			BeforeProcessingInitializeOnLoad (186ms)
			ProcessInitializeOnLoadAttributes (301ms)
			ProcessInitializeOnLoadMethodAttributes (52ms)
			AfterProcessingInitializeOnLoad (8ms)
			EditorAssembliesLoaded (0ms)
		ExecutionOrderSort2 (0ms)
		AwakeInstancesAfterBackupRestoration (13ms)
Refreshing native plugins compatible for Editor in 1.22 ms, found 3 plugins.
Preloading 0 native plugins for Editor in 0.00 ms.
Unloading 13 Unused Serialized files (Serialized files now loaded: 0)
Unloading 6161 unused Assets / (4.3 MB). Loaded Objects now: 7126.
Memory consumption went from 146.1 MB to 141.8 MB.
Total: 8.422800 ms (FindLiveObjects: 0.659800 ms CreateObjectMapping: 0.327900 ms MarkObjects: 5.219400 ms  DeleteObjects: 2.214700 ms)

Prepare: number of updated asset objects reloaded= 0
========================================================================
Received Prepare
Begin MonoManager ReloadAssembly
[Licensing::Client] Successfully resolved entitlement details
[Licensing::Module] License group:
  Id: F4-UXBJ-HKKJ-KHXC-GWNW-XXXX
  Product: Unity Personal
  Type: ULF
  Expiration: Unlimited
[Licensing::Module] License group:
  Id: 6483514-UnityPersXXXX
  Product: Unity Personal
  Type: Assigned
  Expiration: Unlimited
- Loaded All Assemblies, in  0.721 seconds
Refreshing native plugins compatible for Editor in 1.58 ms, found 3 plugins.
Native extension for Android target not found
Native extension for WindowsStandalone target not found
[Package Manager] Failed to launch server process. Reason: Unity was launched with the -noUpm command-line argument
[Package Manager] Unable to send message (not connected to server process).
[Package Manager] Cannot connect to Unity Package Manager local server
Mono: successfully reloaded assembly
- Finished resetting the current domain, in  0.903 seconds
Domain Reload Profiling: 1625ms
	BeginReloadAssembly (198ms)
		ExecutionOrderSort (0ms)
		DisableScriptedObjects (6ms)
		BackupInstance (0ms)
		ReleaseScriptingObjects (0ms)
		CreateAndSetChildDomain (47ms)
	RebuildCommonClasses (34ms)
	RebuildNativeTypeToScriptingClass (11ms)
	initialDomainReloadingComplete (29ms)
	LoadAllAssembliesAndSetupDomain (450ms)
		LoadAssemblies (364ms)
		RebuildTransferFunctionScriptingTraits (0ms)
		AnalyzeDomain (172ms)
			TypeCache.Refresh (7ms)
				TypeCache.ScanAssembly (0ms)
			BuildScriptInfoCaches (150ms)
			ResolveRequiredComponents (9ms)
	FinalizeReload (904ms)
		ReleaseScriptCaches (0ms)
		RebuildScriptCaches (0ms)
		SetupLoadedEditorAssemblies (693ms)
			LogAssemblyErrors (0ms)
			InitializePlatformSupportModulesInManaged (12ms)
			SetLoadedEditorAssemblies (4ms)
			BeforeProcessingInitializeOnLoad (153ms)
			ProcessInitializeOnLoadAttributes (448ms)
			ProcessInitializeOnLoadMethodAttributes (64ms)
			AfterProcessingInitializeOnLoad (12ms)
			EditorAssembliesLoaded (0ms)
		ExecutionOrderSort2 (0ms)
		AwakeInstancesAfterBackupRestoration (25ms)
Refreshing native plugins compatible for Editor in 2.82 ms, found 3 plugins.
Preloading 0 native plugins for Editor in 0.00 ms.
Unloading 13 Unused Serialized files (Serialized files now loaded: 0)
Unloading 6161 unused Assets / (4.8 MB). Loaded Objects now: 7129.
Memory consumption went from 146.1 MB to 141.3 MB.
Total: 12.897600 ms (FindLiveObjects: 1.579600 ms CreateObjectMapping: 0.883200 ms MarkObjects: 6.867400 ms  DeleteObjects: 3.565800 ms)

Prepare: number of updated asset objects reloaded= 0
========================================================================
Received Prepare
Begin MonoManager ReloadAssembly
- Loaded All Assemblies, in  0.717 seconds
Refreshing native plugins compatible for Editor in 1.26 ms, found 3 plugins.
Native extension for Android target not found
Native extension for WindowsStandalone target not found
[Package Manager] Failed to launch server process. Reason: Unity was launched with the -noUpm command-line argument
[Package Manager] Unable to send message (not connected to server process).
[Package Manager] Cannot connect to Unity Package Manager local server
Mono: successfully reloaded assembly
- Finished resetting the current domain, in  0.736 seconds
Domain Reload Profiling: 1451ms
	BeginReloadAssembly (197ms)
		ExecutionOrderSort (0ms)
		DisableScriptedObjects (5ms)
		BackupInstance (0ms)
		ReleaseScriptingObjects (0ms)
		CreateAndSetChildDomain (50ms)
	RebuildCommonClasses (40ms)
	RebuildNativeTypeToScriptingClass (11ms)
	initialDomainReloadingComplete (31ms)
	LoadAllAssembliesAndSetupDomain (436ms)
		LoadAssemblies (354ms)
		RebuildTransferFunctionScriptingTraits (0ms)
		AnalyzeDomain (164ms)
			TypeCache.Refresh (7ms)
				TypeCache.ScanAssembly (0ms)
			BuildScriptInfoCaches (142ms)
			ResolveRequiredComponents (10ms)
	FinalizeReload (737ms)
		ReleaseScriptCaches (0ms)
		RebuildScriptCaches (0ms)
		SetupLoadedEditorAssemblies (565ms)
			LogAssemblyErrors (0ms)
			InitializePlatformSupportModulesInManaged (9ms)
			SetLoadedEditorAssemblies (4ms)
			BeforeProcessingInitializeOnLoad (136ms)
			ProcessInitializeOnLoadAttributes (359ms)
			ProcessInitializeOnLoadMethodAttributes (48ms)
			AfterProcessingInitializeOnLoad (8ms)
			EditorAssembliesLoaded (0ms)
		ExecutionOrderSort2 (0ms)
		AwakeInstancesAfterBackupRestoration (17ms)
Refreshing native plugins compatible for Editor in 1.89 ms, found 3 plugins.
Preloading 0 native plugins for Editor in 0.00 ms.
Unloading 13 Unused Serialized files (Serialized files now loaded: 0)
Unloading 6161 unused Assets / (4.7 MB). Loaded Objects now: 7132.
Memory consumption went from 146.2 MB to 141.4 MB.
Total: 10.932500 ms (FindLiveObjects: 0.875700 ms CreateObjectMapping: 0.629200 ms MarkObjects: 5.727200 ms  DeleteObjects: 3.699200 ms)

Prepare: number of updated asset objects reloaded= 0
========================================================================
Received Import Request.
  Time since last request: 252.911163 seconds.
  path: Assets/Phillip Script/Tile Puzzle/RevealOnSolved.cs
  artifactKey: Guid(73620bf7559d59445be2700b83cca539) Importer(2089858483,192608db42251d675da83286b1cce702)
Start importing Assets/Phillip Script/Tile Puzzle/RevealOnSolved.cs using Guid(73620bf7559d59445be2700b83cca539) Importer(2089858483,192608db42251d675da83286b1cce702) (ScriptedImporter) -> (artifact id: '4bcb6a2f9067583f3b2b86b452dc1737') in 0.1376617 seconds
Number of updated asset objects reloaded before import = 0Number of asset objects unloaded after import = 0

========================================================================
Received Import Request.
  Time since last request: 1.648380 seconds.
  path: Assets/New Material.mat
  artifactKey: Guid(c58cc5b5d026cef46ae4372e586a0717) Importer(815301076,1909f56bfc062723c751e8b465ee728b)
Start importing Assets/New Material.mat using Guid(c58cc5b5d026cef46ae4372e586a0717) Importer(815301076,1909f56bfc062723c751e8b465ee728b) (PreviewImporter) -> (artifact id: '748576d2eb32c1dfebe5a376bed4b254') in 0.4328076 seconds
Number of updated asset objects reloaded before import = 0Number of asset objects unloaded after import = 1

========================================================================
Received Import Request.
  Time since last request: 0.496397 seconds.
  path: Assets/New Material.mat
  artifactKey: Guid(c58cc5b5d026cef46ae4372e586a0717) Importer(2089858483,192608db42251d675da83286b1cce702)
Start importing Assets/New Material.mat using Guid(c58cc5b5d026cef46ae4372e586a0717) Importer(2089858483,192608db42251d675da83286b1cce702) (ScriptedImporter) -> (artifact id: '2be30d95b82cb6d4d75c352675385074') in 0.0273322 seconds
Number of updated asset objects reloaded before import = 0Number of asset objects unloaded after import = 1

========================================================================
Received Prepare
Begin MonoManager ReloadAssembly
[Licensing::Client] Successfully resolved entitlement details
[Licensing::Module] License group:
  Id: F4-UXBJ-HKKJ-KHXC-GWNW-XXXX
  Product: Unity Personal
  Type: ULF
  Expiration: Unlimited
[Licensing::Module] License group:
  Id: 6483514-UnityPersXXXX
  Product: Unity Personal
  Type: Assigned
  Expiration: Unlimited
- Loaded All Assemblies, in  0.770 seconds
Refreshing native plugins compatible for Editor in 1.46 ms, found 3 plugins.
Native extension for Android target not found
Native extension for WindowsStandalone target not found
[Package Manager] Failed to launch server process. Reason: Unity was launched with the -noUpm command-line argument
[Package Manager] Unable to send message (not connected to server process).
[Package Manager] Cannot connect to Unity Package Manager local server
Mono: successfully reloaded assembly
- Finished resetting the current domain, in  0.759 seconds
Domain Reload Profiling: 1528ms
	BeginReloadAssembly (247ms)
		ExecutionOrderSort (0ms)
		DisableScriptedObjects (22ms)
		BackupInstance (0ms)
		ReleaseScriptingObjects (0ms)
		CreateAndSetChildDomain (76ms)
	RebuildCommonClasses (31ms)
	RebuildNativeTypeToScriptingClass (11ms)
	initialDomainReloadingComplete (34ms)
	LoadAllAssembliesAndSetupDomain (445ms)
		LoadAssemblies (368ms)
		RebuildTransferFunctionScriptingTraits (0ms)
		AnalyzeDomain (171ms)
			TypeCache.Refresh (7ms)
				TypeCache.ScanAssembly (0ms)
			BuildScriptInfoCaches (149ms)
			ResolveRequiredComponents (11ms)
	FinalizeReload (760ms)
		ReleaseScriptCaches (0ms)
		RebuildScriptCaches (0ms)
		SetupLoadedEditorAssemblies (583ms)
			LogAssemblyErrors (0ms)
			InitializePlatformSupportModulesInManaged (10ms)
			SetLoadedEditorAssemblies (5ms)
			BeforeProcessingInitializeOnLoad (168ms)
			ProcessInitializeOnLoadAttributes (339ms)
			ProcessInitializeOnLoadMethodAttributes (51ms)
			AfterProcessingInitializeOnLoad (10ms)
			EditorAssembliesLoaded (0ms)
		ExecutionOrderSort2 (0ms)
		AwakeInstancesAfterBackupRestoration (18ms)
Refreshing native plugins compatible for Editor in 1.54 ms, found 3 plugins.
Preloading 0 native plugins for Editor in 0.00 ms.
Unloading 13 Unused Serialized files (Serialized files now loaded: 0)
Unloading 6162 unused Assets / (4.9 MB). Loaded Objects now: 7155.
Memory consumption went from 146.4 MB to 141.5 MB.
Total: 11.716900 ms (FindLiveObjects: 0.979400 ms CreateObjectMapping: 0.590300 ms MarkObjects: 6.788700 ms  DeleteObjects: 3.357100 ms)

Prepare: number of updated asset objects reloaded= 0
========================================================================
Received Prepare
Begin MonoManager ReloadAssembly
[Licensing::Client] Successfully resolved entitlement details
[Licensing::Module] License group:
  Id: F4-UXBJ-HKKJ-KHXC-GWNW-XXXX
  Product: Unity Personal
  Type: ULF
  Expiration: Unlimited
[Licensing::Module] License group:
  Id: 6483514-UnityPersXXXX
  Product: Unity Personal
  Type: Assigned
  Expiration: Unlimited
- Loaded All Assemblies, in  0.717 seconds
Refreshing native plugins compatible for Editor in 1.43 ms, found 3 plugins.
Native extension for Android target not found
Native extension for WindowsStandalone target not found
[Package Manager] Failed to launch server process. Reason: Unity was launched with the -noUpm command-line argument
[Package Manager] Unable to send message (not connected to server process).
[Package Manager] Cannot connect to Unity Package Manager local server
Mono: successfully reloaded assembly
- Finished resetting the current domain, in  0.828 seconds
Domain Reload Profiling: 1543ms
	BeginReloadAssembly (208ms)
		ExecutionOrderSort (0ms)
		DisableScriptedObjects (7ms)
		BackupInstance (0ms)
		ReleaseScriptingObjects (0ms)
		CreateAndSetChildDomain (53ms)
	RebuildCommonClasses (32ms)
	RebuildNativeTypeToScriptingClass (11ms)
	initialDomainReloadingComplete (28ms)
	LoadAllAssembliesAndSetupDomain (436ms)
		LoadAssemblies (341ms)
		RebuildTransferFunctionScriptingTraits (0ms)
		AnalyzeDomain (181ms)
			TypeCache.Refresh (7ms)
				TypeCache.ScanAssembly (0ms)
			BuildScriptInfoCaches (158ms)
			ResolveRequiredComponents (10ms)
	FinalizeReload (828ms)
		ReleaseScriptCaches (0ms)
		RebuildScriptCaches (0ms)
		SetupLoadedEditorAssemblies (647ms)
			LogAssemblyErrors (0ms)
			InitializePlatformSupportModulesInManaged (10ms)
			SetLoadedEditorAssemblies (6ms)
			BeforeProcessingInitializeOnLoad (138ms)
			ProcessInitializeOnLoadAttributes (415ms)
			ProcessInitializeOnLoadMethodAttributes (66ms)
			AfterProcessingInitializeOnLoad (10ms)
			EditorAssembliesLoaded (1ms)
		ExecutionOrderSort2 (0ms)
		AwakeInstancesAfterBackupRestoration (22ms)
Refreshing native plugins compatible for Editor in 1.59 ms, found 3 plugins.
Preloading 0 native plugins for Editor in 0.00 ms.
Unloading 13 Unused Serialized files (Serialized files now loaded: 0)
Unloading 6161 unused Assets / (4.2 MB). Loaded Objects now: 7158.
Memory consumption went from 146.3 MB to 142.1 MB.
Total: 11.839400 ms (FindLiveObjects: 1.546900 ms CreateObjectMapping: 0.839600 ms MarkObjects: 6.215300 ms  DeleteObjects: 3.236300 ms)

Prepare: number of updated asset objects reloaded= 0
========================================================================
Received Prepare
Refreshing native plugins compatible for Editor in 2.03 ms, found 3 plugins.
Preloading 0 native plugins for Editor in 0.00 ms.
Unloading 13 Unused Serialized files (Serialized files now loaded: 0)
Unloading 6154 unused Assets / (4.6 MB). Loaded Objects now: 7158.
Memory consumption went from 146.4 MB to 141.9 MB.
Total: 11.224400 ms (FindLiveObjects: 1.128400 ms CreateObjectMapping: 0.567900 ms MarkObjects: 5.903500 ms  DeleteObjects: 3.623300 ms)

Prepare: number of updated asset objects reloaded= 0
========================================================================
Received Import Request.
  Time since last request: 341.192293 seconds.
  path: Assets/Phillip Script/Tile Puzzle/LightTilesPuzzle.cs
  artifactKey: Guid(78b1369dedb580b438bfa8a9656b1958) Importer(815301076,1909f56bfc062723c751e8b465ee728b)
Start importing Assets/Phillip Script/Tile Puzzle/LightTilesPuzzle.cs using Guid(78b1369dedb580b438bfa8a9656b1958) Importer(815301076,1909f56bfc062723c751e8b465ee728b) (PreviewImporter) -> (artifact id: '1180ccc6fda008bb8540fea1472f189e') in 0.0020202 seconds
Number of updated asset objects reloaded before import = 0Number of asset objects unloaded after import = 0

========================================================================
Received Prepare
Begin MonoManager ReloadAssembly
[Licensing::Client] Successfully resolved entitlement details
[Licensing::Module] License group:
  Id: F4-UXBJ-HKKJ-KHXC-GWNW-XXXX
  Product: Unity Personal
  Type: ULF
  Expiration: Unlimited
[Licensing::Module] License group:
  Id: 6483514-UnityPersXXXX
  Product: Unity Personal
  Type: Assigned
  Expiration: Unlimited
- Loaded All Assemblies, in  0.753 seconds
Refreshing native plugins compatible for Editor in 1.22 ms, found 3 plugins.
Native extension for Android target not found
Native extension for WindowsStandalone target not found
[Package Manager] Failed to launch server process. Reason: Unity was launched with the -noUpm command-line argument
[Package Manager] Unable to send message (not connected to server process).
[Package Manager] Cannot connect to Unity Package Manager local server
Mono: successfully reloaded assembly
- Finished resetting the current domain, in  0.754 seconds
Domain Reload Profiling: 1504ms
	BeginReloadAssembly (210ms)
		ExecutionOrderSort (0ms)
		DisableScriptedObjects (8ms)
		BackupInstance (0ms)
		ReleaseScriptingObjects (0ms)
		CreateAndSetChildDomain (50ms)
	RebuildCommonClasses (37ms)
	RebuildNativeTypeToScriptingClass (11ms)
	initialDomainReloadingComplete (35ms)
	LoadAllAssembliesAndSetupDomain (457ms)
		LoadAssemblies (348ms)
		RebuildTransferFunctionScriptingTraits (0ms)
		AnalyzeDomain (198ms)
			TypeCache.Refresh (12ms)
				TypeCache.ScanAssembly (0ms)
			BuildScriptInfoCaches (172ms)
			ResolveRequiredComponents (10ms)
	FinalizeReload (754ms)
		ReleaseScriptCaches (0ms)
		RebuildScriptCaches (0ms)
		SetupLoadedEditorAssemblies (596ms)
			LogAssemblyErrors (0ms)
			InitializePlatformSupportModulesInManaged (9ms)
			SetLoadedEditorAssemblies (4ms)
			BeforeProcessingInitializeOnLoad (126ms)
			ProcessInitializeOnLoadAttributes (393ms)
			ProcessInitializeOnLoadMethodAttributes (56ms)
			AfterProcessingInitializeOnLoad (8ms)
			EditorAssembliesLoaded (0ms)
		ExecutionOrderSort2 (0ms)
		AwakeInstancesAfterBackupRestoration (16ms)
Refreshing native plugins compatible for Editor in 1.63 ms, found 3 plugins.
Preloading 0 native plugins for Editor in 0.00 ms.
Unloading 13 Unused Serialized files (Serialized files now loaded: 0)
Unloading 6161 unused Assets / (4.0 MB). Loaded Objects now: 7161.
Memory consumption went from 146.3 MB to 142.3 MB.
Total: 9.302500 ms (FindLiveObjects: 0.762700 ms CreateObjectMapping: 0.882600 ms MarkObjects: 4.666200 ms  DeleteObjects: 2.990000 ms)

Prepare: number of updated asset objects reloaded= 0
========================================================================
Received Prepare
Begin MonoManager ReloadAssembly
- Loaded All Assemblies, in  0.777 seconds
Refreshing native plugins compatible for Editor in 1.05 ms, found 3 plugins.
Native extension for Android target not found
Native extension for WindowsStandalone target not found
[Package Manager] Failed to launch server process. Reason: Unity was launched with the -noUpm command-line argument
[Package Manager] Unable to send message (not connected to server process).
[Package Manager] Cannot connect to Unity Package Manager local server
Mono: successfully reloaded assembly
- Finished resetting the current domain, in  0.737 seconds
Domain Reload Profiling: 1510ms
	BeginReloadAssembly (205ms)
		ExecutionOrderSort (0ms)
		DisableScriptedObjects (6ms)
		BackupInstance (0ms)
		ReleaseScriptingObjects (0ms)
		CreateAndSetChildDomain (49ms)
	RebuildCommonClasses (34ms)
	RebuildNativeTypeToScriptingClass (11ms)
	initialDomainReloadingComplete (29ms)
	LoadAllAssembliesAndSetupDomain (495ms)
		LoadAssemblies (376ms)
		RebuildTransferFunctionScriptingTraits (0ms)
		AnalyzeDomain (209ms)
			TypeCache.Refresh (7ms)
				TypeCache.ScanAssembly (0ms)
			BuildScriptInfoCaches (189ms)
			ResolveRequiredComponents (10ms)
	FinalizeReload (737ms)
		ReleaseScriptCaches (0ms)
		RebuildScriptCaches (0ms)
		SetupLoadedEditorAssemblies (563ms)
			LogAssemblyErrors (0ms)
			InitializePlatformSupportModulesInManaged (14ms)
			SetLoadedEditorAssemblies (6ms)
			BeforeProcessingInitializeOnLoad (126ms)
			ProcessInitializeOnLoadAttributes (332ms)
			ProcessInitializeOnLoadMethodAttributes (69ms)
			AfterProcessingInitializeOnLoad (15ms)
			EditorAssembliesLoaded (1ms)
		ExecutionOrderSort2 (0ms)
		AwakeInstancesAfterBackupRestoration (23ms)
Refreshing native plugins compatible for Editor in 1.46 ms, found 3 plugins.
Preloading 0 native plugins for Editor in 0.00 ms.
Unloading 13 Unused Serialized files (Serialized files now loaded: 0)
Unloading 6161 unused Assets / (4.4 MB). Loaded Objects now: 7164.
Memory consumption went from 146.3 MB to 141.9 MB.
Total: 8.945500 ms (FindLiveObjects: 1.245400 ms CreateObjectMapping: 0.688400 ms MarkObjects: 4.341000 ms  DeleteObjects: 2.669900 ms)

Prepare: number of updated asset objects reloaded= 0
========================================================================
Received Prepare
Begin MonoManager ReloadAssembly
[Licensing::Client] Successfully resolved entitlement details
[Licensing::Module] License group:
  Id: F4-UXBJ-HKKJ-KHXC-GWNW-XXXX
  Product: Unity Personal
  Type: ULF
  Expiration: Unlimited
[Licensing::Module] License group:
  Id: 6483514-UnityPersXXXX
  Product: Unity Personal
  Type: Assigned
  Expiration: Unlimited
- Loaded All Assemblies, in  0.678 seconds
Refreshing native plugins compatible for Editor in 1.77 ms, found 3 plugins.
Native extension for Android target not found
Native extension for WindowsStandalone target not found
[Package Manager] Failed to launch server process. Reason: Unity was launched with the -noUpm command-line argument
[Package Manager] Unable to send message (not connected to server process).
[Package Manager] Cannot connect to Unity Package Manager local server
Mono: successfully reloaded assembly
- Finished resetting the current domain, in  0.724 seconds
Domain Reload Profiling: 1403ms
	BeginReloadAssembly (199ms)
		ExecutionOrderSort (0ms)
		DisableScriptedObjects (7ms)
		BackupInstance (0ms)
		ReleaseScriptingObjects (0ms)
		CreateAndSetChildDomain (48ms)
	RebuildCommonClasses (31ms)
	RebuildNativeTypeToScriptingClass (12ms)
	initialDomainReloadingComplete (34ms)
	LoadAllAssembliesAndSetupDomain (403ms)
		LoadAssemblies (319ms)
		RebuildTransferFunctionScriptingTraits (0ms)
		AnalyzeDomain (164ms)
			TypeCache.Refresh (6ms)
				TypeCache.ScanAssembly (0ms)
			BuildScriptInfoCaches (142ms)
			ResolveRequiredComponents (10ms)
	FinalizeReload (725ms)
		ReleaseScriptCaches (0ms)
		RebuildScriptCaches (0ms)
		SetupLoadedEditorAssemblies (568ms)
			LogAssemblyErrors (0ms)
			InitializePlatformSupportModulesInManaged (9ms)
			SetLoadedEditorAssemblies (4ms)
			BeforeProcessingInitializeOnLoad (140ms)
			ProcessInitializeOnLoadAttributes (356ms)
			ProcessInitializeOnLoadMethodAttributes (50ms)
			AfterProcessingInitializeOnLoad (9ms)
			EditorAssembliesLoaded (0ms)
		ExecutionOrderSort2 (0ms)
		AwakeInstancesAfterBackupRestoration (19ms)
Refreshing native plugins compatible for Editor in 1.43 ms, found 3 plugins.
Preloading 0 native plugins for Editor in 0.00 ms.
Unloading 13 Unused Serialized files (Serialized files now loaded: 0)
Unloading 6161 unused Assets / (4.1 MB). Loaded Objects now: 7167.
Memory consumption went from 146.4 MB to 142.2 MB.
Total: 10.334000 ms (FindLiveObjects: 0.918400 ms CreateObjectMapping: 1.237600 ms MarkObjects: 5.828100 ms  DeleteObjects: 2.348800 ms)

Prepare: number of updated asset objects reloaded= 0
========================================================================
Received Import Request.
  Time since last request: 215.558180 seconds.
  path: Assets/Phillip Script/Tile Puzzle/LightTile.cs
  artifactKey: Guid(88c50b2689e3a1f45b3cdeb1d165a84a) Importer(815301076,1909f56bfc062723c751e8b465ee728b)
Start importing Assets/Phillip Script/Tile Puzzle/LightTile.cs using Guid(88c50b2689e3a1f45b3cdeb1d165a84a) Importer(815301076,1909f56bfc062723c751e8b465ee728b) (PreviewImporter) -> (artifact id: 'ac4b19bb454886902d4c3da8504dda97') in 0.0024757 seconds
Number of updated asset objects reloaded before import = 0Number of asset objects unloaded after import = 0

========================================================================
Received Prepare
Refreshing native plugins compatible for Editor in 1.61 ms, found 3 plugins.
Preloading 0 native plugins for Editor in 0.00 ms.
Unloading 13 Unused Serialized files (Serialized files now loaded: 0)
Unloading 6154 unused Assets / (4.1 MB). Loaded Objects now: 7167.
Memory consumption went from 146.6 MB to 142.5 MB.
Total: 10.439200 ms (FindLiveObjects: 1.100500 ms CreateObjectMapping: 0.512100 ms MarkObjects: 6.164300 ms  DeleteObjects: 2.661100 ms)

Prepare: number of updated asset objects reloaded= 0
========================================================================
Received Import Request.
  Time since last request: 18.744731 seconds.
  path: Assets/Phillip Script/Tile Puzzle/LightTile.cs
  artifactKey: Guid(88c50b2689e3a1f45b3cdeb1d165a84a) Importer(815301076,1909f56bfc062723c751e8b465ee728b)
Start importing Assets/Phillip Script/Tile Puzzle/LightTile.cs using Guid(88c50b2689e3a1f45b3cdeb1d165a84a) Importer(815301076,1909f56bfc062723c751e8b465ee728b) (PreviewImporter) -> (artifact id: 'bbd46ef462570fc179de643df647aa46') in 0.0008576 seconds
Number of updated asset objects reloaded before import = 0Number of asset objects unloaded after import = 0

========================================================================
Received Prepare
Begin MonoManager ReloadAssembly
[Licensing::Client] Successfully resolved entitlement details
[Licensing::Module] License group:
  Id: F4-UXBJ-HKKJ-KHXC-GWNW-XXXX
  Product: Unity Personal
  Type: ULF
  Expiration: Unlimited
[Licensing::Module] License group:
  Id: 6483514-UnityPersXXXX
  Product: Unity Personal
  Type: Assigned
  Expiration: Unlimited
- Loaded All Assemblies, in  0.852 seconds
Refreshing native plugins compatible for Editor in 1.57 ms, found 3 plugins.
Native extension for Android target not found
Native extension for WindowsStandalone target not found
[Package Manager] Failed to launch server process. Reason: Unity was launched with the -noUpm command-line argument
[Package Manager] Unable to send message (not connected to server process).
[Package Manager] Cannot connect to Unity Package Manager local server
Mono: successfully reloaded assembly
- Finished resetting the current domain, in  0.868 seconds
Domain Reload Profiling: 1715ms
	BeginReloadAssembly (228ms)
		ExecutionOrderSort (0ms)
		DisableScriptedObjects (7ms)
		BackupInstance (0ms)
		ReleaseScriptingObjects (0ms)
		CreateAndSetChildDomain (47ms)
	RebuildCommonClasses (44ms)
	RebuildNativeTypeToScriptingClass (13ms)
	initialDomainReloadingComplete (36ms)
	LoadAllAssembliesAndSetupDomain (525ms)
		LoadAssemblies (415ms)
		RebuildTransferFunctionScriptingTraits (0ms)
		AnalyzeDomain (217ms)
			TypeCache.Refresh (10ms)
				TypeCache.ScanAssembly (0ms)
			BuildScriptInfoCaches (189ms)
			ResolveRequiredComponents (13ms)
	FinalizeReload (869ms)
		ReleaseScriptCaches (0ms)
		RebuildScriptCaches (0ms)
		SetupLoadedEditorAssemblies (672ms)
			LogAssemblyErrors (0ms)
			InitializePlatformSupportModulesInManaged (15ms)
			SetLoadedEditorAssemblies (8ms)
			BeforeProcessingInitializeOnLoad (182ms)
			ProcessInitializeOnLoadAttributes (394ms)
			ProcessInitializeOnLoadMethodAttributes (62ms)
			AfterProcessingInitializeOnLoad (9ms)
			EditorAssembliesLoaded (0ms)
		ExecutionOrderSort2 (0ms)
		AwakeInstancesAfterBackupRestoration (18ms)
Refreshing native plugins compatible for Editor in 1.51 ms, found 3 plugins.
Preloading 0 native plugins for Editor in 0.00 ms.
Unloading 13 Unused Serialized files (Serialized files now loaded: 0)
Unloading 6161 unused Assets / (4.2 MB). Loaded Objects now: 7170.
Memory consumption went from 146.4 MB to 142.2 MB.
Total: 8.199900 ms (FindLiveObjects: 0.734200 ms CreateObjectMapping: 0.358100 ms MarkObjects: 4.367000 ms  DeleteObjects: 2.739600 ms)

Prepare: number of updated asset objects reloaded= 0
========================================================================
Received Prepare
Begin MonoManager ReloadAssembly
- Loaded All Assemblies, in  0.906 seconds
Refreshing native plugins compatible for Editor in 1.35 ms, found 3 plugins.
Native extension for Android target not found
Native extension for WindowsStandalone target not found
[Package Manager] Failed to launch server process. Reason: Unity was launched with the -noUpm command-line argument
[Package Manager] Unable to send message (not connected to server process).
[Package Manager] Cannot connect to Unity Package Manager local server
Mono: successfully reloaded assembly
- Finished resetting the current domain, in  0.857 seconds
Domain Reload Profiling: 1758ms
	BeginReloadAssembly (241ms)
		ExecutionOrderSort (0ms)
		DisableScriptedObjects (7ms)
		BackupInstance (0ms)
		ReleaseScriptingObjects (0ms)
		CreateAndSetChildDomain (58ms)
	RebuildCommonClasses (67ms)
	RebuildNativeTypeToScriptingClass (34ms)
	initialDomainReloadingComplete (40ms)
	LoadAllAssembliesAndSetupDomain (520ms)
		LoadAssemblies (403ms)
		RebuildTransferFunctionScriptingTraits (0ms)
		AnalyzeDomain (226ms)
			TypeCache.Refresh (8ms)
				TypeCache.ScanAssembly (0ms)
			BuildScriptInfoCaches (201ms)
			ResolveRequiredComponents (12ms)
	FinalizeReload (857ms)
		ReleaseScriptCaches (0ms)
		RebuildScriptCaches (0ms)
		SetupLoadedEditorAssemblies (676ms)
			LogAssemblyErrors (0ms)
			InitializePlatformSupportModulesInManaged (9ms)
			SetLoadedEditorAssemblies (6ms)
			BeforeProcessingInitializeOnLoad (167ms)
			ProcessInitializeOnLoadAttributes (425ms)
			ProcessInitializeOnLoadMethodAttributes (59ms)
			AfterProcessingInitializeOnLoad (11ms)
			EditorAssembliesLoaded (0ms)
		ExecutionOrderSort2 (0ms)
		AwakeInstancesAfterBackupRestoration (16ms)
Refreshing native plugins compatible for Editor in 1.80 ms, found 3 plugins.
Preloading 0 native plugins for Editor in 0.00 ms.
Unloading 13 Unused Serialized files (Serialized files now loaded: 0)
Unloading 6161 unused Assets / (5.2 MB). Loaded Objects now: 7173.
Memory consumption went from 146.5 MB to 141.2 MB.
Total: 9.837900 ms (FindLiveObjects: 0.696900 ms CreateObjectMapping: 0.426600 ms MarkObjects: 5.867400 ms  DeleteObjects: 2.845900 ms)

Prepare: number of updated asset objects reloaded= 0
========================================================================
Received Prepare
Begin MonoManager ReloadAssembly
- Loaded All Assemblies, in  0.677 seconds
Refreshing native plugins compatible for Editor in 1.11 ms, found 3 plugins.
Native extension for Android target not found
Native extension for WindowsStandalone target not found
[Package Manager] Failed to launch server process. Reason: Unity was launched with the -noUpm command-line argument
[Package Manager] Unable to send message (not connected to server process).
[Package Manager] Cannot connect to Unity Package Manager local server
Mono: successfully reloaded assembly
- Finished resetting the current domain, in  0.677 seconds
Domain Reload Profiling: 1353ms
	BeginReloadAssembly (188ms)
		ExecutionOrderSort (0ms)
		DisableScriptedObjects (6ms)
		BackupInstance (0ms)
		ReleaseScriptingObjects (0ms)
		CreateAndSetChildDomain (45ms)
	RebuildCommonClasses (39ms)
	RebuildNativeTypeToScriptingClass (10ms)
	initialDomainReloadingComplete (29ms)
	LoadAllAssembliesAndSetupDomain (409ms)
		LoadAssemblies (325ms)
		RebuildTransferFunctionScriptingTraits (0ms)
		AnalyzeDomain (166ms)
			TypeCache.Refresh (6ms)
				TypeCache.ScanAssembly (0ms)
			BuildScriptInfoCaches (143ms)
			ResolveRequiredComponents (12ms)
	FinalizeReload (678ms)
		ReleaseScriptCaches (0ms)
		RebuildScriptCaches (0ms)
		SetupLoadedEditorAssemblies (528ms)
			LogAssemblyErrors (0ms)
			InitializePlatformSupportModulesInManaged (8ms)
			SetLoadedEditorAssemblies (4ms)
			BeforeProcessingInitializeOnLoad (135ms)
			ProcessInitializeOnLoadAttributes (315ms)
			ProcessInitializeOnLoadMethodAttributes (56ms)
			AfterProcessingInitializeOnLoad (9ms)
			EditorAssembliesLoaded (0ms)
		ExecutionOrderSort2 (0ms)
		AwakeInstancesAfterBackupRestoration (15ms)
Refreshing native plugins compatible for Editor in 1.37 ms, found 3 plugins.
Preloading 0 native plugins for Editor in 0.00 ms.
Unloading 13 Unused Serialized files (Serialized files now loaded: 0)
Unloading 6161 unused Assets / (5.0 MB). Loaded Objects now: 7176.
Memory consumption went from 146.5 MB to 141.5 MB.
Total: 10.591000 ms (FindLiveObjects: 1.128200 ms CreateObjectMapping: 0.806400 ms MarkObjects: 4.958000 ms  DeleteObjects: 3.697000 ms)

Prepare: number of updated asset objects reloaded= 0
========================================================================
Received Prepare
Begin MonoManager ReloadAssembly
[Licensing::Client] Successfully resolved entitlement details
[Licensing::Module] License group:
  Id: F4-UXBJ-HKKJ-KHXC-GWNW-XXXX
  Product: Unity Personal
  Type: ULF
  Expiration: Unlimited
[Licensing::Module] License group:
  Id: 6483514-UnityPersXXXX
  Product: Unity Personal
  Type: Assigned
  Expiration: Unlimited
- Loaded All Assemblies, in  0.714 seconds
Refreshing native plugins compatible for Editor in 1.18 ms, found 3 plugins.
Native extension for Android target not found
Native extension for WindowsStandalone target not found
[Package Manager] Failed to launch server process. Reason: Unity was launched with the -noUpm command-line argument
[Package Manager] Unable to send message (not connected to server process).
[Package Manager] Cannot connect to Unity Package Manager local server
Mono: successfully reloaded assembly
- Finished resetting the current domain, in  0.626 seconds
Domain Reload Profiling: 1338ms
	BeginReloadAssembly (228ms)
		ExecutionOrderSort (0ms)
		DisableScriptedObjects (6ms)
		BackupInstance (0ms)
		ReleaseScriptingObjects (0ms)
		CreateAndSetChildDomain (62ms)
	RebuildCommonClasses (32ms)
	RebuildNativeTypeToScriptingClass (11ms)
	initialDomainReloadingComplete (30ms)
	LoadAllAssembliesAndSetupDomain (411ms)
		LoadAssemblies (357ms)
		RebuildTransferFunctionScriptingTraits (0ms)
		AnalyzeDomain (153ms)
			TypeCache.Refresh (5ms)
				TypeCache.ScanAssembly (0ms)
			BuildScriptInfoCaches (134ms)
			ResolveRequiredComponents (9ms)
	FinalizeReload (626ms)
		ReleaseScriptCaches (0ms)
		RebuildScriptCaches (0ms)
		SetupLoadedEditorAssemblies (483ms)
			LogAssemblyErrors (0ms)
			InitializePlatformSupportModulesInManaged (8ms)
			SetLoadedEditorAssemblies (4ms)
			BeforeProcessingInitializeOnLoad (119ms)
			ProcessInitializeOnLoadAttributes (293ms)
			ProcessInitializeOnLoadMethodAttributes (50ms)
			AfterProcessingInitializeOnLoad (7ms)
			EditorAssembliesLoaded (0ms)
		ExecutionOrderSort2 (0ms)
		AwakeInstancesAfterBackupRestoration (14ms)
Refreshing native plugins compatible for Editor in 1.71 ms, found 3 plugins.
Preloading 0 native plugins for Editor in 0.00 ms.
Unloading 13 Unused Serialized files (Serialized files now loaded: 0)
Unloading 6161 unused Assets / (4.5 MB). Loaded Objects now: 7179.
Memory consumption went from 146.5 MB to 142.0 MB.
Total: 9.032500 ms (FindLiveObjects: 0.981800 ms CreateObjectMapping: 0.522100 ms MarkObjects: 4.626600 ms  DeleteObjects: 2.900900 ms)

Prepare: number of updated asset objects reloaded= 0
========================================================================
Received Prepare
Begin MonoManager ReloadAssembly
[Licensing::Client] Successfully resolved entitlement details
[Licensing::Module] License group:
  Id: F4-UXBJ-HKKJ-KHXC-GWNW-XXXX
  Product: Unity Personal
  Type: ULF
  Expiration: Unlimited
[Licensing::Module] License group:
  Id: 6483514-UnityPersXXXX
  Product: Unity Personal
  Type: Assigned
  Expiration: Unlimited
- Loaded All Assemblies, in  0.701 seconds
Refreshing native plugins compatible for Editor in 1.28 ms, found 3 plugins.
Native extension for Android target not found
Native extension for WindowsStandalone target not found
[Package Manager] Failed to launch server process. Reason: Unity was launched with the -noUpm command-line argument
[Package Manager] Unable to send message (not connected to server process).
[Package Manager] Cannot connect to Unity Package Manager local server
Mono: successfully reloaded assembly
- Finished resetting the current domain, in  0.713 seconds
Domain Reload Profiling: 1412ms
	BeginReloadAssembly (243ms)
		ExecutionOrderSort (0ms)
		DisableScriptedObjects (44ms)
		BackupInstance (0ms)
		ReleaseScriptingObjects (0ms)
		CreateAndSetChildDomain (47ms)
	RebuildCommonClasses (31ms)
	RebuildNativeTypeToScriptingClass (11ms)
	initialDomainReloadingComplete (29ms)
	LoadAllAssembliesAndSetupDomain (385ms)
		LoadAssemblies (308ms)
		RebuildTransferFunctionScriptingTraits (0ms)
		AnalyzeDomain (157ms)
			TypeCache.Refresh (7ms)
				TypeCache.ScanAssembly (0ms)
			BuildScriptInfoCaches (136ms)
			ResolveRequiredComponents (10ms)
	FinalizeReload (713ms)
		ReleaseScriptCaches (0ms)
		RebuildScriptCaches (0ms)
		SetupLoadedEditorAssemblies (550ms)
			LogAssemblyErrors (0ms)
			InitializePlatformSupportModulesInManaged (9ms)
			SetLoadedEditorAssemblies (4ms)
			BeforeProcessingInitializeOnLoad (121ms)
			ProcessInitializeOnLoadAttributes (358ms)
			ProcessInitializeOnLoadMethodAttributes (49ms)
			AfterProcessingInitializeOnLoad (8ms)
			EditorAssembliesLoaded (0ms)
		ExecutionOrderSort2 (0ms)
		AwakeInstancesAfterBackupRestoration (15ms)
Refreshing native plugins compatible for Editor in 1.70 ms, found 3 plugins.
Preloading 0 native plugins for Editor in 0.00 ms.
Unloading 13 Unused Serialized files (Serialized files now loaded: 0)
Unloading 6161 unused Assets / (3.7 MB). Loaded Objects now: 7182.
Memory consumption went from 146.6 MB to 142.9 MB.
Total: 9.584000 ms (FindLiveObjects: 0.825700 ms CreateObjectMapping: 0.520600 ms MarkObjects: 4.883000 ms  DeleteObjects: 3.353600 ms)

Prepare: number of updated asset objects reloaded= 0
========================================================================
Received Import Request.
  Time since last request: 1778.907638 seconds.
  path: Assets/Settings/SampleSceneProfile.asset
  artifactKey: Guid(10fc4df2da32a41aaa32d77bc913491c) Importer(815301076,1909f56bfc062723c751e8b465ee728b)
Start importing Assets/Settings/SampleSceneProfile.asset using Guid(10fc4df2da32a41aaa32d77bc913491c) Importer(815301076,1909f56bfc062723c751e8b465ee728b) (PreviewImporter) -> (artifact id: 'b72c935079ba95563e246d02d57d535f') in 0.0258906 seconds
Number of updated asset objects reloaded before import = 0Number of asset objects unloaded after import = 0

========================================================================
Received Import Request.
  Time since last request: 3.577072 seconds.
  path: Assets/Scenes/SampleScene.unity
  artifactKey: Guid(99c9720ab356a0642a771bea13969a05) Importer(815301076,1909f56bfc062723c751e8b465ee728b)
Start importing Assets/Scenes/SampleScene.unity using Guid(99c9720ab356a0642a771bea13969a05) Importer(815301076,1909f56bfc062723c751e8b465ee728b) (PreviewImporter) -> (artifact id: 'af7e4f5640bafb9518bce7c2f018be9c') in 0.000685 seconds
Number of updated asset objects reloaded before import = 0Number of asset objects unloaded after import = 0

========================================================================
Received Import Request.
  Time since last request: 5.406133 seconds.
  path: Assets/Phillip Script/Tile Puzzle/LightTilesPuzzle.cs
  artifactKey: Guid(78b1369dedb580b438bfa8a9656b1958) Importer(2089858483,192608db42251d675da83286b1cce702)
Start importing Assets/Phillip Script/Tile Puzzle/LightTilesPuzzle.cs using Guid(78b1369dedb580b438bfa8a9656b1958) Importer(2089858483,192608db42251d675da83286b1cce702) (ScriptedImporter) -> (artifact id: 'bfc2dcad0ac4e15e9bb1f768a5294caf') in 0.1373762 seconds
Number of updated asset objects reloaded before import = 0Number of asset objects unloaded after import = 0

========================================================================
Received Import Request.
  Time since last request: 0.000017 seconds.
  path: Assets/Scenes/SampleScene.unity
  artifactKey: Guid(99c9720ab356a0642a771bea13969a05) Importer(2089858483,192608db42251d675da83286b1cce702)
Start importing Assets/Scenes/SampleScene.unity using Guid(99c9720ab356a0642a771bea13969a05) Importer(2089858483,192608db42251d675da83286b1cce702) (ScriptedImporter) -> (artifact id: 'a55847f91a658722f74ee2845e4c7acc') in 0.0198909 seconds
Number of updated asset objects reloaded before import = 0Number of asset objects unloaded after import = 1

========================================================================
Received Import Request.
  Time since last request: 16.955217 seconds.
  path: Assets/Scenes/PhillipsGameScene.unity
  artifactKey: Guid(99c9720ab356a0642a771bea13969a05) Importer(815301076,1909f56bfc062723c751e8b465ee728b)
Start importing Assets/Scenes/PhillipsGameScene.unity using Guid(99c9720ab356a0642a771bea13969a05) Importer(815301076,1909f56bfc062723c751e8b465ee728b) (PreviewImporter) -> (artifact id: '635fc4c21b5482cbbef5d1aa8e91be3a') in 0.000662 seconds
Number of updated asset objects reloaded before import = 0Number of asset objects unloaded after import = 0

========================================================================
Received Import Request.
  Time since last request: 0.881036 seconds.
  path: Assets/Scenes/PhillipsGameScene.unity
  artifactKey: Guid(99c9720ab356a0642a771bea13969a05) Importer(2089858483,192608db42251d675da83286b1cce702)
Start importing Assets/Scenes/PhillipsGameScene.unity using Guid(99c9720ab356a0642a771bea13969a05) Importer(2089858483,192608db42251d675da83286b1cce702) (ScriptedImporter) -> (artifact id: '326d73b752e59e4b220494281d9de972') in 0.0186486 seconds
Number of updated asset objects reloaded before import = 0Number of asset objects unloaded after import = 1

